formation_start,trading_start,trading_end,n_liquid,n_active_pairs,n_trades,avg_spread_at_entry_pct,avg_holding_days,round_trips_per_pair,window_return_pct
2010-01-01,2010-12-21,2011-06-14,210,20,44,12.3532,41.64,2.2,-0.128
2010-02-01,2011-01-19,2011-07-13,211,20,48,9.5279,39.44,2.4,11.624
2010-03-02,2011-02-17,2011-08-11,214,20,41,9.0845,45.85,2.05,3.088
2010-03-31,2011-03-18,2011-09-09,214,20,39,8.5759,48.9,1.95,2.624
2010-04-29,2011-04-18,2011-10-10,217,20,35,8.4539,54.51,1.75,-0.488
2010-05-28,2011-05-17,2011-11-08,217,20,37,9.9578,49.57,1.85,9.536
2010-06-28,2011-06-15,2011-12-07,224,20,36,10.4162,51.42,1.8,5.692
2010-07-27,2011-07-14,2012-01-05,226,18,33,10.4161,44.94,1.833,3.859
2010-08-25,2011-08-12,2012-02-03,232,20,32,10.3449,59.5,1.6,-4.077
2010-09-23,2011-09-12,2012-03-05,233,19,26,9.6309,57.81,1.368,5.196
2010-10-22,2011-10-11,2012-04-03,237,20,28,8.2096,62.82,1.4,-0.347
2010-11-22,2011-11-09,2012-05-02,240,20,35,8.185,38.23,1.75,9.895
2010-12-21,2011-12-08,2012-05-31,244,19,32,8.5805,45.97,1.684,-1.935
2011-01-19,2012-01-06,2012-06-29,244,20,37,8.8591,47.3,1.85,7.568
2011-02-17,2012-02-06,2012-07-30,244,20,35,8.0827,49.49,1.75,1.288
2011-03-18,2012-03-06,2012-08-28,243,19,30,8.4328,54.0,1.579,-1.9
2011-04-18,2012-04-04,2012-09-26,242,19,36,7.4617,48.61,1.895,8.282
2011-05-17,2012-05-03,2012-10-25,244,16,25,7.2933,68.84,1.562,-3.27
2011-06-15,2012-06-01,2012-11-23,246,19,28,7.7626,61.54,1.474,2.136
2011-07-14,2012-07-02,2012-12-24,243,18,26,7.9946,51.85,1.444,5.124
2011-08-12,2012-07-31,2013-01-22,242,20,28,10.6919,61.54,1.4,0.546
2011-09-12,2012-08-29,2013-02-20,236,20,33,9.8696,50.7,1.65,1.78
2011-10-11,2012-09-27,2013-03-21,227,20,25,10.3633,75.08,1.25,-8.385
2011-11-09,2012-10-26,2013-04-19,228,20,33,9.1036,52.52,1.65,-4.149
2011-12-08,2012-11-26,2013-05-20,220,19,29,9.2422,56.69,1.526,-9.891
2012-01-06,2012-12-25,2013-06-18,220,20,31,9.1579,57.77,1.55,-10.267
2012-02-06,2013-01-23,2013-07-17,215,20,40,9.3742,46.88,2.0,-13.353
2012-03-06,2013-02-21,2013-08-15,211,19,32,9.072,59.62,1.684,-21.977
2012-04-04,2013-03-22,2013-09-13,214,20,38,9.4315,50.34,1.9,4.934
2012-05-03,2013-04-22,2013-10-14,212,20,40,10.0256,44.0,2.0,12.33
2012-06-01,2013-05-21,2013-11-12,217,20,43,9.5955,41.74,2.15,16.614
2012-07-02,2013-06-19,2013-12-11,219,20,46,7.9998,32.09,2.3,15.454
2012-07-31,2013-07-18,2014-01-09,231,20,44,8.5245,36.2,2.2,10.333
2012-08-29,2013-08-16,2014-02-07,233,20,40,9.0236,42.0,2.0,8.534
2012-09-27,2013-09-16,2014-03-10,239,20,38,9.7673,49.03,1.9,7.352
2012-10-26,2013-10-15,2014-04-08,244,20,29,8.7084,54.38,1.45,3.176
2012-11-26,2013-11-13,2014-05-07,244,19,32,9.1058,51.03,1.684,7.322
2012-12-25,2013-12-12,2014-06-05,243,19,39,8.3389,39.38,2.053,6.25
2013-01-23,2014-01-10,2014-07-04,248,19,33,8.5331,45.27,1.737,2.461
2013-02-21,2014-02-10,2014-08-04,248,20,34,9.3408,44.29,1.7,3.6
2013-03-22,2014-03-11,2014-09-02,246,20,39,8.9611,46.44,1.95,6.663
2013-04-22,2014-04-09,2014-10-01,250,20,34,7.6426,60.38,1.7,-8.527
2013-05-21,2014-05-08,2014-10-30,253,20,33,7.4105,53.24,1.65,-9.343
2013-06-19,2014-06-06,2014-11-28,244,20,41,7.9821,43.15,2.05,-4.18
2013-07-18,2014-07-07,2014-12-29,245,20,30,9.1524,59.2,1.5,-6.067
2013-08-16,2014-08-05,2015-01-27,249,20,42,9.4859,37.26,2.1,-1.169
2013-09-16,2014-09-03,2015-02-25,248,20,42,8.5718,38.88,2.1,6.385
2013-10-15,2014-10-02,2015-03-26,247,20,50,8.3099,37.12,2.5,13.467
2013-11-13,2014-10-31,2015-04-24,245,20,52,9.7583,37.96,2.6,12.299
2013-12-12,2014-12-01,2015-05-25,246,20,41,10.4132,45.46,2.05,5.41
2014-01-10,2014-12-30,2015-06-23,241,20,42,10.4564,52.02,2.1,-6.739
2014-02-10,2015-01-28,2015-07-22,238,20,40,10.9562,44.0,2.0,0.862
2014-03-11,2015-02-26,2015-08-20,241,20,37,10.9487,49.41,1.85,0.197
2014-04-09,2015-03-27,2015-09-18,243,19,31,9.5234,62.94,1.632,-7.851
2014-05-08,2015-04-27,2015-10-19,238,19,30,8.5867,56.37,1.579,3.192
2014-06-06,2015-05-26,2015-11-17,237,19,29,8.4741,60.83,1.526,-2.951
2014-07-07,2015-06-24,2015-12-16,244,20,27,8.3318,72.96,1.35,-5.668
2014-08-05,2015-07-23,2016-01-14,247,20,32,8.4765,54.59,1.6,0.63
2014-09-03,2015-08-21,2016-02-12,249,20,32,8.7603,54.81,1.6,-6.581
2014-10-02,2015-09-21,2016-03-14,248,20,36,9.7416,50.69,1.8,-2.199
2014-10-31,2015-10-20,2016-04-12,255,20,45,9.1932,44.09,2.25,8.485
2014-12-01,2015-11-18,2016-05-11,259,19,44,9.9458,36.98,2.316,10.064
2014-12-30,2015-12-17,2016-06-09,262,20,33,8.758,54.12,1.65,-4.881
2015-01-28,2016-01-15,2016-07-08,261,20,39,8.283,45.72,1.95,4.227
2015-02-26,2016-02-15,2016-08-08,262,20,22,10.1742,92.82,1.1,-5.797
2015-03-27,2016-03-15,2016-09-06,262,19,40,8.5088,39.2,2.105,7.941
2015-04-27,2016-04-13,2016-10-05,263,19,28,9.3432,59.89,1.474,-3.309
2015-05-26,2016-05-12,2016-11-03,265,19,30,8.3204,60.23,1.579,0.068
2015-06-24,2016-06-10,2016-12-02,261,20,35,7.5176,44.46,1.75,3.875
2015-07-23,2016-07-11,2017-01-02,258,20,33,8.4924,53.39,1.65,1.144
2015-08-21,2016-08-09,2017-01-31,261,20,34,9.2582,50.76,1.7,-13.007
2015-09-21,2016-09-07,2017-03-01,264,20,26,9.2201,72.15,1.3,-13.936
2015-10-20,2016-10-06,2017-03-30,263,20,30,10.4217,65.13,1.5,-10.144
2015-11-18,2016-11-04,2017-04-28,265,19,28,10.0045,69.04,1.474,-6.866
2015-12-17,2016-12-05,2017-05-29,265,20,31,8.8758,57.19,1.55,-4.63
2016-01-15,2017-01-03,2017-06-27,268,20,44,10.0927,44.89,2.2,1.119
2016-02-15,2017-02-01,2017-07-26,272,20,33,9.4025,61.79,1.65,-10.819
2016-03-15,2017-03-02,2017-08-24,272,20,40,9.426,45.92,2.0,-6.727
2016-04-13,2017-03-31,2017-09-22,275,20,40,7.9467,47.92,2.0,1.919
2016-05-12,2017-05-01,2017-10-23,274,20,34,8.7812,62.91,1.7,-5.011
2016-06-10,2017-05-30,2017-11-21,276,20,38,9.8918,56.84,1.9,-3.759
2016-07-11,2017-06-28,2017-12-20,276,20,36,7.7941,51.5,1.8,-0.936
2016-08-09,2017-07-27,2018-01-18,275,20,40,11.9397,52.75,2.0,1.316
2016-09-07,2017-08-25,2018-02-16,284,19,35,14.4797,52.8,1.842,-2.14
2016-10-06,2017-09-25,2018-03-19,289,20,33,8.3661,55.09,1.65,-2.238
2016-11-04,2017-10-24,2018-04-17,297,20,36,9.8301,49.0,1.8,2.357
2016-12-05,2017-11-22,2018-05-16,298,20,44,10.0831,41.02,2.2,10.542
2017-01-03,2017-12-21,2018-06-14,304,20,42,9.2472,44.6,2.1,1.562
2017-02-01,2018-01-19,2018-07-13,304,20,44,8.8102,40.61,2.2,6.615
2017-03-02,2018-02-19,2018-08-13,302,19,32,9.0532,53.0,1.684,4.822
2017-03-31,2018-03-20,2018-09-11,307,20,39,8.6569,46.85,1.95,-0.374
2017-05-01,2018-04-18,2018-10-10,312,20,39,8.3354,45.82,1.95,3.301
2017-05-30,2018-05-17,2018-11-08,315,20,31,9.1045,61.42,1.55,1.508
2017-06-28,2018-06-15,2018-12-07,318,20,39,9.0114,43.1,1.95,11.603
2017-07-27,2018-07-16,2019-01-07,318,20,39,9.2243,43.82,1.95,4.962
2017-08-25,2018-08-14,2019-02-05,315,20,34,10.3681,51.74,1.7,7.587
2017-09-25,2018-09-12,2019-03-06,318,20,41,10.6199,38.37,2.05,7.167
2017-10-24,2018-10-11,2019-04-04,318,20,31,10.8711,64.39,1.55,4.736
2017-11-22,2018-11-09,2019-05-03,315,19,29,10.3603,59.14,1.526,9.256
2017-12-21,2018-12-10,2019-06-03,314,19,30,10.0446,58.67,1.579,4.51
2018-01-19,2019-01-08,2019-07-02,314,20,25,8.5305,75.44,1.25,-11.11
2018-02-19,2019-02-06,2019-07-31,319,20,33,9.9219,52.52,1.65,9.093
2018-03-20,2019-03-07,2019-08-29,320,20,36,9.8584,58.83,1.8,-5.549
2018-04-18,2019-04-05,2019-09-27,322,20,38,9.9511,43.79,1.9,1.165
2018-05-17,2019-05-06,2019-10-28,323,20,36,9.6298,53.14,1.8,-5.024
2018-06-15,2019-06-04,2019-11-27,324,20,49,13.0798,36.1,2.45,18.202
2018-07-16,2019-07-03,2019-12-26,321,20,52,12.9132,37.77,2.6,29.159
2018-08-14,2019-08-01,2020-01-27,318,20,53,13.2331,37.11,2.65,40.053
2018-09-12,2019-08-30,2020-02-25,320,20,45,13.1616,47.29,2.25,83.294
2018-10-11,2019-09-30,2020-03-25,319,20,66,14.9036,29.09,3.3,13.919
2018-11-09,2019-10-30,2020-04-24,325,20,62,14.1286,31.32,3.1,22.482
2018-12-10,2019-11-28,2020-05-29,326,20,53,12.6064,39.15,2.65,5.358
2019-01-08,2019-12-27,2020-06-29,329,20,53,14.7132,37.17,2.65,7.138
2019-02-06,2020-01-28,2020-07-29,334,20,65,15.6128,31.74,3.25,21.423
2019-03-07,2020-02-26,2020-08-31,338,19,54,14.8066,36.39,2.842,20.747
2019-04-05,2020-03-26,2020-09-29,346,19,50,16.4182,40.96,2.632,17.699
2019-05-06,2020-04-27,2020-10-28,348,19,68,20.3622,27.63,3.579,25.186
2019-06-04,2020-06-01,2020-11-27,353,20,32,16.4989,60.38,1.6,12.261
2019-07-03,2020-06-30,2020-12-28,355,20,45,20.425,41.24,2.25,-0.722
2019-08-01,2020-07-30,2021-01-27,357,18,36,17.1281,47.81,2.0,-7.313
2019-08-30,2020-09-01,2021-02-25,361,20,33,17.6932,54.0,1.65,-7.805
2019-09-30,2020-09-30,2021-03-26,368,20,40,17.9713,48.38,2.0,2.499
2019-10-30,2020-10-30,2021-04-27,367,20,35,17.2865,60.11,1.75,-17.233
2019-11-28,2020-11-30,2021-05-31,368,20,37,15.0455,54.11,1.85,1.643
2019-12-27,2020-12-29,2021-06-29,368,20,39,17.0653,52.03,1.95,5.643
2020-01-28,2021-01-28,2021-08-04,369,20,30,14.2374,63.5,1.5,5.145
2020-02-26,2021-02-26,2021-09-03,371,20,27,16.2473,69.78,1.35,9.995
2020-03-26,2021-03-29,2021-10-04,370,20,29,19.2755,60.34,1.45,3.883
2020-04-27,2021-04-28,2021-11-03,370,19,29,18.6796,56.83,1.526,0.554
2020-06-01,2021-06-01,2021-12-02,370,20,29,14.6004,59.07,1.45,1.092
2020-06-30,2021-06-30,2021-12-31,371,20,36,14.235,48.17,1.8,10.815
2020-07-30,2021-08-05,2022-01-31,371,18,24,11.3631,61.79,1.333,-10.083
2020-09-01,2021-09-06,2022-03-01,372,19,29,12.2766,51.28,1.526,-4.218
2020-09-30,2021-10-05,2022-03-30,374,20,35,11.8207,47.51,1.75,1.23
2020-10-30,2021-11-04,2022-04-28,375,20,39,11.3232,41.92,1.95,11.648
2020-11-30,2021-12-03,2022-06-02,375,20,50,11.9356,39.32,2.5,5.832
2020-12-29,2022-01-03,2022-07-01,377,20,38,10.8966,50.58,1.9,-3.511
2021-01-28,2022-02-01,2022-08-04,379,20,42,9.6759,42.57,2.1,4.133
2021-02-26,2022-03-02,2022-09-05,378,20,57,11.1931,33.21,2.85,25.739
2021-03-29,2022-03-31,2022-10-04,378,20,53,11.5555,37.87,2.65,15.254
2021-04-28,2022-04-29,2022-11-02,383,20,44,11.9705,42.55,2.2,63.327
2021-06-01,2022-06-03,2022-12-01,388,20,57,13.893,32.26,2.85,51.928
2021-06-30,2022-07-04,2022-12-30,393,20,80,13.5857,25.2,4.0,43.973
2021-08-05,2022-08-05,2023-01-30,400,20,77,13.6193,26.92,3.85,26.305
2021-09-06,2022-09-06,2023-03-06,406,20,69,14.7544,29.07,3.45,24.929
2021-10-05,2022-10-05,2023-04-04,408,20,69,14.5447,28.49,3.45,19.875
2021-11-04,2022-11-03,2023-05-05,414,20,58,16.3016,34.62,2.9,13.405
2021-12-03,2022-12-02,2023-06-06,424,20,65,16.4266,31.62,3.25,11.045
2022-01-03,2023-01-02,2023-07-10,426,20,49,18.8283,37.9,2.45,24.038
2022-02-01,2023-01-31,2023-08-08,428,20,46,18.0162,36.85,2.3,49.418
2022-03-02,2023-03-07,2023-09-07,423,20,49,22.549,40.86,2.45,44.048
2022-03-31,2023-04-05,2023-10-06,430,20,49,22.6744,37.43,2.45,37.094
2022-04-29,2023-05-08,2023-11-06,434,20,59,22.2461,30.25,2.95,46.337
2022-06-03,2023-06-07,2023-12-05,436,20,54,21.3453,39.63,2.7,28.061
2022-07-04,2023-07-11,2024-01-04,441,20,41,21.7446,52.9,2.05,8.73
2022-08-05,2023-08-09,2024-02-02,444,20,45,19.3772,49.33,2.25,35.589
2022-09-06,2023-09-08,2024-03-04,446,20,52,20.426,37.73,2.6,34.672
2022-10-05,2023-10-09,2024-04-02,448,20,37,20.8275,51.78,1.85,-13.71
2022-11-03,2023-11-07,2024-05-09,448,20,34,16.9547,57.21,1.7,5.125
2022-12-02,2023-12-06,2024-06-07,451,20,55,11.5339,30.51,2.75,19.152
2023-01-02,2024-01-05,2024-07-11,456,20,44,11.9218,40.68,2.2,-1.554
2023-01-31,2024-02-05,2024-08-12,462,20,56,16.5797,37.91,2.8,-3.047
2023-03-07,2024-03-05,2024-09-11,470,20,43,15.3755,49.07,2.15,-8.74
2023-04-05,2024-04-03,2024-10-10,469,20,45,17.4426,39.51,2.25,9.728
2023-05-08,2024-05-10,2024-11-11,475,20,30,19.3327,66.87,1.5,2.068
2023-06-07,2024-06-10,2024-12-10,478,19,28,16.2677,53.61,1.474,1.962
2023-07-11,2024-07-12,2025-01-09,479,19,36,16.416,46.75,1.895,15.17
2023-08-09,2024-08-13,2025-02-07,481,20,24,13.0309,62.0,1.2,5.666
2023-09-08,2024-09-12,2025-03-10,484,20,24,10.6531,71.71,1.2,-0.041
2023-10-09,2024-10-11,2025-04-10,484,19,29,10.1231,52.83,1.526,13.209
2023-11-07,2024-11-12,2025-05-13,488,20,47,10.9017,39.13,2.35,9.666
2023-12-06,2024-12-11,2025-06-16,490,20,40,11.5522,46.17,2.0,1.105
2024-01-05,2025-01-10,2025-07-16,491,20,40,12.3691,43.58,2.0,3.64
2024-02-05,2025-02-10,2025-08-14,490,20,31,12.0049,49.42,1.55,27.593
2024-03-05,2025-03-11,2025-09-12,495,20,45,9.153,28.71,2.25,16.431
2024-04-03,2025-04-11,2025-10-13,526,20,45,10.5213,29.4,2.25,13.693
2024-05-10,2025-05-14,2025-11-12,533,20,37,8.4109,49.78,1.85,7.407
2024-06-10,2025-06-17,2025-12-11,541,19,46,8.8961,33.39,2.421,11.499
2024-07-12,2025-07-17,2026-01-12,543,20,50,8.6956,31.26,2.5,17.287
2024-08-13,2025-08-15,2026-02-10,545,20,42,9.7392,47.81,2.1,4.147
2024-09-12,2025-09-15,2026-03-11,551,20,35,9.9634,50.86,1.75,0.117
2024-10-11,2025-10-14,2026-04-10,554,19,36,10.8216,44.0,1.895,-3.454
2024-11-12,2025-11-13,2026-05-13,554,20,44,9.9874,41.18,2.2,3.99
