ticker1,ticker2,ssd
PETUN.IS,PNSUT.IS,0.8375487144035105
ALKA.IS,ALKIM.IS,1.1592532652257432
GLRYH.IS,OZGYO.IS,1.169768469569135
ALGYO.IS,TUKAS.IS,1.6209518691034646
SARKY.IS,SASA.IS,1.662978133985689
ALGYO.IS,PNSUT.IS,1.6883387147886424
OZGYO.IS,TUKAS.IS,1.830223808697383
ALKIM.IS,KGYO.IS,1.845636693668098
VAKFN.IS,VKGYO.IS,1.9071280690063759
ALGYO.IS,OZGYO.IS,2.0631662876355676
INVEO.IS,ZEDUR.IS,2.117479450533608
GEDIK.IS,VKGYO.IS,2.1789451949508702
OZGYO.IS,VAKFN.IS,2.3040498988262925
GENTS.IS,OZGYO.IS,2.3097800641870663
ANSGR.IS,TURSG.IS,2.3748679557666037
YUNSA.IS,ZEDUR.IS,2.3801225047963612
PETUN.IS,SEKFK.IS,2.4747765922031704
ALGYO.IS,PETUN.IS,2.561321783677954
ALKA.IS,GENTS.IS,2.579835632339609
GEDIK.IS,OZGYO.IS,2.611872050005104
GENTS.IS,TUKAS.IS,2.6367143282261623
MRGYO.IS,SASA.IS,2.6426232274754966
ALGYO.IS,GENTS.IS,2.7472093734229475
PNSUT.IS,TUKAS.IS,2.790876128260379
GLRYH.IS,VAKFN.IS,2.9163228046836593
GLRYH.IS,TUKAS.IS,2.9571473096636964
OZGYO.IS,PNSUT.IS,3.016129505509298
ALKIM.IS,OZGYO.IS,3.0210383477461846
GENTS.IS,GLRYH.IS,3.0427313916111416
ALGYO.IS,GLRYH.IS,3.088673876585972
ALKA.IS,KGYO.IS,3.134540265193891
PNSUT.IS,SEKFK.IS,3.173767567627806
GEDIK.IS,VAKFN.IS,3.2659061109201275
GEDIK.IS,GENTS.IS,3.2685579802366647
EREGL.IS,OYAKC.IS,3.2962707732654053
ALKIM.IS,GENTS.IS,3.3277850337697146
ALGYO.IS,SASA.IS,3.351211788617661
OZGYO.IS,VKGYO.IS,3.3676309472641606
SASA.IS,TUKAS.IS,3.3784962941604135
ALKA.IS,OZGYO.IS,3.3808307501764148
EREGL.IS,GEDIK.IS,3.5068882406476405
GEDIK.IS,MRGYO.IS,3.5129481842039922
INVEO.IS,YUNSA.IS,3.5425433291050012
GENTS.IS,KGYO.IS,3.5993814344537896
GEDIK.IS,GLRYH.IS,3.6269026900367862
AEFES.IS,AGHOL.IS,3.6413733568217594
SARKY.IS,YUNSA.IS,3.6826434689290863
EREGL.IS,VKGYO.IS,3.729370449052908
GLRYH.IS,PNSUT.IS,3.768703091593352
SARKY.IS,TUKAS.IS,3.8459789066038184
ALKIM.IS,TUKAS.IS,3.867066499289649
ALGYO.IS,MRGYO.IS,3.872871030533247
SASA.IS,YUNSA.IS,3.8768787637255855
MRGYO.IS,OZGYO.IS,3.925254618600661
GEDIK.IS,KGYO.IS,3.933272289295246
KGYO.IS,OZGYO.IS,3.96461603034777
ALKA.IS,GLRYH.IS,3.9942782305438413
PNSUT.IS,SASA.IS,4.065011418249924
FROTO.IS,SILVR.IS,4.0659462552094965
ALGYO.IS,GEDIK.IS,4.075157798813507
EREGL.IS,VAKFN.IS,4.13611165126531
OZGYO.IS,PETUN.IS,4.148969218289949
FRIGO.IS,VAKFN.IS,4.198172088523393
FRIGO.IS,PETUN.IS,4.203603644323039
AKSA.IS,EREGL.IS,4.226743967268021
ALKA.IS,TUKAS.IS,4.294728129961527
MRGYO.IS,PNSUT.IS,4.323282483933667
GLRYH.IS,VKGYO.IS,4.329149485436119
OYAKC.IS,VAKFN.IS,4.348430710206458
OYAKC.IS,VKGYO.IS,4.365127557177175
ALGYO.IS,EREGL.IS,4.3788913191382335
OZGYO.IS,SASA.IS,4.398782238868762
EGPRO.IS,FROTO.IS,4.441769719993999
EREGL.IS,OZGYO.IS,4.4947943494009905
EREGL.IS,GLRYH.IS,4.537236675893041
ALGYO.IS,SEKFK.IS,4.553495882432799
GENTS.IS,VAKFN.IS,4.554958053903761
PETUN.IS,VAKFN.IS,4.689094076252331
ALKIM.IS,GLRYH.IS,4.702021463496521
GLRYH.IS,OYAKC.IS,4.70454241501136
ALGYO.IS,VAKFN.IS,4.7194260585572465
GEDIK.IS,SASA.IS,4.719807593651581
GLRYH.IS,PETUN.IS,4.723731869152061
GEDIK.IS,OYAKC.IS,4.743038895293466
PNSUT.IS,VAKFN.IS,4.755937898673551
MRGYO.IS,TUKAS.IS,4.772957980255342
KGYO.IS,TUKAS.IS,4.785898578592878
GENTS.IS,SASA.IS,4.801324152006146
ALKIM.IS,SARKY.IS,4.824311306500135
ALGYO.IS,SARKY.IS,4.8547248763422886
GEDIK.IS,TUKAS.IS,4.918186643550484
OYAKC.IS,OZGYO.IS,4.921789844528803
PETUN.IS,TUKAS.IS,4.9257459613252195
ALKIM.IS,GEDIK.IS,4.92784551156376
ALGYO.IS,OYAKC.IS,4.9892631573029576
PNSUT.IS,SARKY.IS,5.042435491842639
MRGYO.IS,SARKY.IS,5.087197704991922
AKSA.IS,OYAKC.IS,5.106728535050138
GENTS.IS,OYAKC.IS,5.116946837803198
OZGYO.IS,SARKY.IS,5.121121931060202
GENTS.IS,VKGYO.IS,5.136441688065929
DESA.IS,EGPRO.IS,5.162143324697809
MRGYO.IS,PETUN.IS,5.206168978383403
MRGYO.IS,VAKFN.IS,5.224189970859584
EGPRO.IS,ETYAT.IS,5.225768718895097
GLRYH.IS,KGYO.IS,5.240506506013389
DESA.IS,FROTO.IS,5.260340465719992
FRIGO.IS,VKGYO.IS,5.345311885948377
GENTS.IS,PNSUT.IS,5.462810323891517
GENTS.IS,MRGYO.IS,5.469424279357781
ALKIM.IS,SASA.IS,5.520439725649112
ALKA.IS,GEDIK.IS,5.531125689882174
MRGYO.IS,SEKFK.IS,5.72436811876878
GEDIK.IS,PNSUT.IS,5.741819481303992
GEDIK.IS,PETUN.IS,5.777714243960872
GENTS.IS,SARKY.IS,5.7837890369473826
TUKAS.IS,VAKFN.IS,5.785417862174313
KGYO.IS,SARKY.IS,5.844538508122014
ALKIM.IS,INVEO.IS,5.877342630252031
MRGYO.IS,VKGYO.IS,5.969202854934679
ETYAT.IS,FROTO.IS,6.014236103201597
KGYO.IS,SASA.IS,6.04893280952092
AGHOL.IS,BIMAS.IS,6.138313877504061
EREGL.IS,PETUN.IS,6.162354448252927
FRIGO.IS,FROTO.IS,6.2465811661379576
EREGL.IS,FRIGO.IS,6.2635177505732145
PETUN.IS,SASA.IS,6.275569800073754
EREGL.IS,GENTS.IS,6.278220332437741
CRDFA.IS,PETUN.IS,6.295941933646191
FRIGO.IS,PNSUT.IS,6.315149631577469
INVEO.IS,SARKY.IS,6.364506749519705
FRIGO.IS,GLRYH.IS,6.47427172492803
DESA.IS,ETYAT.IS,6.505116038789993
FRIGO.IS,SILVR.IS,6.5053286961701815
GLRYH.IS,MRGYO.IS,6.514614164349496
ALKIM.IS,MRGYO.IS,6.54597737944016
AKSA.IS,GEDIK.IS,6.551160954717602
ALGYO.IS,VKGYO.IS,6.553886297334088
AEFES.IS,BOSSA.IS,6.565538827131604
SARKY.IS,ZEDUR.IS,6.577728816136016
ALGYO.IS,ALKA.IS,6.596267087377328
FRIGO.IS,SEKFK.IS,6.601606578585461
ALGYO.IS,ALKIM.IS,6.646336272437111
ALKA.IS,VAKFN.IS,6.680642986740054
ALKA.IS,SARKY.IS,6.705001748302607
GEDIK.IS,SARKY.IS,6.760403854751075
SASA.IS,SEKFK.IS,6.781674141057124
ALKIM.IS,VAKFN.IS,6.798558110328031
CRDFA.IS,DESA.IS,6.857051935683785
PETUN.IS,VKGYO.IS,6.8637609244332225
GLRYH.IS,SASA.IS,6.864466645790003
EREGL.IS,PNSUT.IS,6.8841926533689275
ALKIM.IS,ZEDUR.IS,6.934026593298086
GENTS.IS,PETUN.IS,6.957167441913725
ALGYO.IS,KGYO.IS,6.974739312363113
GLRYH.IS,SARKY.IS,7.074962109897683
EGPRO.IS,HUBVC.IS,7.082896503944653
HUBVC.IS,PETUN.IS,7.117149469928904
FRIGO.IS,OZGYO.IS,7.145806372282891
SEKFK.IS,VAKFN.IS,7.172349295804565
ALKIM.IS,VKGYO.IS,7.218635513965523
ALKA.IS,SASA.IS,7.2427763424453815
KGYO.IS,VKGYO.IS,7.243435186714123
AKSA.IS,VKGYO.IS,7.250644710850565
ALKIM.IS,YUNSA.IS,7.313131086121814
OZGYO.IS,SEKFK.IS,7.3793162690355985
GLYHO.IS,SILVR.IS,7.442025683390739
EREGL.IS,SEKFK.IS,7.471014103487278
AKSA.IS,VAKFN.IS,7.53952399888658
ALKA.IS,VKGYO.IS,7.577453306603161
OYAKC.IS,TUKAS.IS,7.592810719683484
SASA.IS,ZEDUR.IS,7.597165496279899
EREGL.IS,TUKAS.IS,7.622840471580503
AKSA.IS,PETUN.IS,7.627205436053828
SASA.IS,VAKFN.IS,7.6289159084617495
AGHOL.IS,BOSSA.IS,7.639828806071819
AEFES.IS,BIMAS.IS,7.642685328622292
MRGYO.IS,YUNSA.IS,7.6768956685352805
EREGL.IS,MRGYO.IS,7.677986146080002
HUBVC.IS,PNSUT.IS,7.8507892057307345
PNSUT.IS,VKGYO.IS,7.859800357773679
AKSA.IS,SEKFK.IS,7.901463492914559
CRDFA.IS,PNSUT.IS,7.972644027379147
TUKAS.IS,VKGYO.IS,7.980584045339469
ALKA.IS,MRGYO.IS,8.082535311288211
EREGL.IS,KGYO.IS,8.089115909220027
CRDFA.IS,HUBVC.IS,8.142400465393052
INVEO.IS,KGYO.IS,8.168000948051656
AKSA.IS,ALGYO.IS,8.180309732697538
ALGYO.IS,FRIGO.IS,8.202882810165647
OYAKC.IS,PETUN.IS,8.211079588022244
KGYO.IS,VAKFN.IS,8.278238582349786
DESA.IS,SEKFK.IS,8.311808769264076
FRIGO.IS,OYAKC.IS,8.315189270149176
FROTO.IS,TURSG.IS,8.322535465990086
FRIGO.IS,GEDIK.IS,8.35026830916388
KGYO.IS,MRGYO.IS,8.355384219762527
SEKFK.IS,TUKAS.IS,8.36605573210727
MRGYO.IS,OYAKC.IS,8.366439543766546
DESA.IS,TURSG.IS,8.374939606273983
GEDIK.IS,SEKFK.IS,8.397053610730154
PETUN.IS,SARKY.IS,8.434994769982836
ALKA.IS,OYAKC.IS,8.461209427481776
AKSA.IS,FRIGO.IS,8.557832501535586
CRDFA.IS,SEKFK.IS,8.564516143017272
HUBVC.IS,SEKFK.IS,8.638210668814736
ALKA.IS,INVEO.IS,8.679014719439635
EREGL.IS,SASA.IS,8.699868014823096
EGPRO.IS,SILVR.IS,8.808424074270306
DESA.IS,PETUN.IS,8.809456185808017
ALKIM.IS,PNSUT.IS,8.813269217980178
OYAKC.IS,PNSUT.IS,8.85409419081816
AKSA.IS,MRGYO.IS,8.882989261718535
INVEO.IS,SASA.IS,9.010114358657006
SARKY.IS,VAKFN.IS,9.096347921711072
ETYAT.IS,HUBVC.IS,9.136625058501295
FRIGO.IS,HUBVC.IS,9.153191129864581
SASA.IS,VKGYO.IS,9.1581149083745
ALKA.IS,PNSUT.IS,9.165825629951541
EGPRO.IS,PETUN.IS,9.167288811291542
FROTO.IS,PETUN.IS,9.243699369578053
GLRYH.IS,SEKFK.IS,9.272221960631668
TUKAS.IS,YUNSA.IS,9.358426710254435
BIMAS.IS,BOSSA.IS,9.41992732503968
SEKFK.IS,VKGYO.IS,9.487495031128446
EGPRO.IS,SEKFK.IS,9.554382331412398
KGYO.IS,YUNSA.IS,9.637656535191752
DURDO.IS,KGYO.IS,9.711442291758885
KGYO.IS,OYAKC.IS,9.741340184948513
ALKA.IS,ZEDUR.IS,9.74777052220395
SARKY.IS,SEKFK.IS,9.778707284746133
ANSGR.IS,FROTO.IS,9.799491975549017
CRDFA.IS,EGPRO.IS,9.832658322112593
ALKIM.IS,DURDO.IS,10.027731491206282
ALKIM.IS,OYAKC.IS,10.068788065802323
DESA.IS,FRIGO.IS,10.126039704651475
BOSSA.IS,LKMNH.IS,10.131736654285078
AKSA.IS,PNSUT.IS,10.140901742225196
KGYO.IS,ZEDUR.IS,10.185461990043109
ANSGR.IS,SILVR.IS,10.201715101695527
KGYO.IS,PNSUT.IS,10.224057909375802
DESA.IS,SILVR.IS,10.226402738069623
DESA.IS,HUBVC.IS,10.261840348502119
ALKIM.IS,EREGL.IS,10.293121504991632
ALKA.IS,YUNSA.IS,10.33176480785653
ETYAT.IS,SILVR.IS,10.35094565048064
AKSA.IS,OZGYO.IS,10.420422124515312
GENTS.IS,SEKFK.IS,10.448610623721379
SILVR.IS,TURSG.IS,10.461974864526269
EGPRO.IS,FRIGO.IS,10.481504487807456
AKSA.IS,GLRYH.IS,10.491734310051584
CRDFA.IS,FRIGO.IS,10.536476391300312
EGPRO.IS,GEREL.IS,10.579726617385859
ALKA.IS,EREGL.IS,10.584810342661967
AKSA.IS,ANSGR.IS,10.595948124226197
ANSGR.IS,BOSSA.IS,10.596727681029392
FROTO.IS,SEKFK.IS,10.626390125374542
GENTS.IS,YUNSA.IS,10.698500737648374
BIMAS.IS,LKMNH.IS,10.815967489571449
ANSGR.IS,DESA.IS,10.894628745271234
AGHOL.IS,LKMNH.IS,10.93017444926545
TUKAS.IS,ZEDUR.IS,10.938282248277687
KRONT.IS,SILVR.IS,10.948779876947128
CRDFA.IS,FROTO.IS,10.965105326107619
OYAKC.IS,SEKFK.IS,10.969932446866096
AEFES.IS,LKMNH.IS,10.970892610630017
INVEO.IS,SAMAT.IS,11.003099343197277
FRIGO.IS,GENTS.IS,11.006216793350745
CRDFA.IS,ETYAT.IS,11.022039947605435
EREGL.IS,SARKY.IS,11.029224076077298
ALKA.IS,DURDO.IS,11.070335477150365
MRGYO.IS,ZEDUR.IS,11.102825477579813
FRIGO.IS,MRGYO.IS,11.102863163966163
OYAKC.IS,SASA.IS,11.266143068756946
INVEO.IS,TUKAS.IS,11.273759738538388
FRIGO.IS,TUKAS.IS,11.345685075797746
OZGYO.IS,YUNSA.IS,11.359217971190105
AKSA.IS,GENTS.IS,11.375586974068028
ALGYO.IS,CRDFA.IS,11.421136149700828
DESA.IS,PNSUT.IS,11.496329963366975
GENTS.IS,INVEO.IS,11.660848843080657
FROTO.IS,KRONT.IS,11.679861580258944
EGPRO.IS,TURSG.IS,11.681229712375739
ALGYO.IS,YUNSA.IS,11.690825583178139
ETYAT.IS,PETUN.IS,11.70067769747584
ALKA.IS,PETUN.IS,11.723528625878771
ALKIM.IS,PETUN.IS,11.754142584571468
CRDFA.IS,MRGYO.IS,11.815998697070086
BRKSN.IS,EGPRO.IS,11.827858751873919
EUYO.IS,TUKAS.IS,11.844223416212458
ETYAT.IS,GEREL.IS,11.859182941861718
FROTO.IS,HUBVC.IS,11.861338478954394
DURDO.IS,VKGYO.IS,11.893211518192288
BRKSN.IS,ETYAT.IS,11.920667654424733
SARKY.IS,VKGYO.IS,11.964061308906707
EUYO.IS,PNSUT.IS,11.991675810747097
PETUN.IS,SILVR.IS,12.042211833554347
ALGYO.IS,HUBVC.IS,12.048755889825202
EUYO.IS,GENTS.IS,12.066260981504001
GEDIK.IS,YUNSA.IS,12.096025564988963
FROTO.IS,GEREL.IS,12.116153881780292
BRKSN.IS,ESCOM.IS,12.236139830656839
GENTS.IS,ZEDUR.IS,12.238469109046719
RYGYO.IS,RYSAS.IS,12.256531387430414
EGPRO.IS,PNSUT.IS,12.274370422267111
PNSUT.IS,YUNSA.IS,12.403350162026413
ADEL.IS,GARFA.IS,12.428341128281772
ALKA.IS,EUYO.IS,12.47347605913717
LKMNH.IS,RYGYO.IS,12.499308651796582
EGPRO.IS,KRONT.IS,12.546101583568088
ETYAT.IS,SEKFK.IS,12.638290172354345
ADEL.IS,ESCOM.IS,12.779409310062647
KGYO.IS,PETUN.IS,12.803392720506395
BOSSA.IS,TURSG.IS,12.851681277361195
AKSA.IS,SASA.IS,12.870606445470003
ETYAT.IS,FRIGO.IS,12.911080143473896
OZGYO.IS,ZEDUR.IS,12.960104494989878
HUBVC.IS,VAKFN.IS,13.098541022475615
SAMAT.IS,ZEDUR.IS,13.159173108015807
DURDO.IS,GENTS.IS,13.231812101951618
DURDO.IS,GEDIK.IS,13.279777881567043
INVEO.IS,OZGYO.IS,13.341439592850293
CRDFA.IS,VAKFN.IS,13.346158576339349
INVEO.IS,MRGYO.IS,13.35921533432429
BRKSN.IS,GARFA.IS,13.409238954023067
EUYO.IS,SARKY.IS,13.416333076984188
AKSA.IS,SILVR.IS,13.49512092375494
FROTO.IS,GLYHO.IS,13.550623265600393
AGHOL.IS,ANSGR.IS,13.550747521422863
BOSSA.IS,GLYHO.IS,13.59225557514776
FROTO.IS,PNSUT.IS,13.639974574076177
SEKFK.IS,SILVR.IS,13.663290713143397
AEFES.IS,ANSGR.IS,13.707762968087195
AKSA.IS,FROTO.IS,13.71440516212067
ANSGR.IS,EGPRO.IS,13.726661299571106
EUYO.IS,OZGYO.IS,13.734047708313824
ESCOM.IS,KRONT.IS,13.750533056334007
ESCOM.IS,GARFA.IS,13.847826595986362
CRDFA.IS,OZGYO.IS,13.936066769937725
ALKIM.IS,EUYO.IS,13.995671175643906
ANSGR.IS,GLYHO.IS,14.023141062497643
EUYO.IS,ZEDUR.IS,14.05442337043553
GLYHO.IS,LKMNH.IS,14.092296239166217
AKSA.IS,TUKAS.IS,14.093312002591574
EUYO.IS,SASA.IS,14.115341648948174
GLRYH.IS,HUBVC.IS,14.319768109281426
ALGYO.IS,EUYO.IS,14.31994450094112
GEDIK.IS,ZEDUR.IS,14.5777643007998
EUYO.IS,PETUN.IS,14.61516547686631
SAMAT.IS,YUNSA.IS,14.63338267032998
OYAKC.IS,SARKY.IS,14.637827714665491
AEFES.IS,GLYHO.IS,14.684402809156836
HUBVC.IS,OZGYO.IS,14.70841094730963
CRDFA.IS,GLRYH.IS,14.742569895375595
AGHOL.IS,TURSG.IS,14.773126309884674
ETYAT.IS,KRONT.IS,14.79161345359853
FRIGO.IS,SASA.IS,14.79433878001737
GEREL.IS,TURSG.IS,14.806966275047216
HUBVC.IS,TUKAS.IS,14.869006438500833
CRDFA.IS,SASA.IS,14.871081643531056
ADEL.IS,GEREL.IS,14.94582229232401
AKSA.IS,CRDFA.IS,14.963080625752127
CRDFA.IS,GEDIK.IS,14.974561538057287
GEREL.IS,KRONT.IS,14.97983716650765
BTCIM.IS,EREGL.IS,15.003239233147497
DURDO.IS,OZGYO.IS,15.027369030585305
CRDFA.IS,TUKAS.IS,15.094132447595825
CRDFA.IS,SILVR.IS,15.103944985102544
ETYAT.IS,PNSUT.IS,15.135122648054448
AKSA.IS,DESA.IS,15.194173528410943
FRIGO.IS,GLYHO.IS,15.198278067278352
ADEL.IS,BRKSN.IS,15.235884580453103
BRKSN.IS,HUBVC.IS,15.29447196899332
ETYAT.IS,TURSG.IS,15.373502837407045
GEDIK.IS,INVEO.IS,15.38353946786441
FROTO.IS,VAKFN.IS,15.434168892675643
RYGYO.IS,TKFEN.IS,15.434955157522154
EUYO.IS,GLRYH.IS,15.482263720826495
HUBVC.IS,MRGYO.IS,15.506524462361313
ALGYO.IS,ZEDUR.IS,15.532514201409867
ALKIM.IS,SEKFK.IS,15.535186437559787
GLRYH.IS,YUNSA.IS,15.590632714884805
EREGL.IS,SILVR.IS,15.677605784086381
EUYO.IS,YUNSA.IS,15.696237712811808
DESA.IS,VAKFN.IS,15.718266455813136
DESA.IS,EUKYO.IS,15.739682137850536
ANSGR.IS,FRIGO.IS,15.790428829046732
DAGI.IS,GLYHO.IS,15.83932862946051
DESA.IS,GEREL.IS,15.89085155472253
AKSA.IS,TURSG.IS,15.89661967080724
SILVR.IS,VAKFN.IS,15.907256924784633
ARSAN.IS,RYGYO.IS,15.932530811048082
ANSGR.IS,SEKFK.IS,16.067746152935342
INVEO.IS,SNPAM.IS,16.074646869704736
GLYHO.IS,TURSG.IS,16.079675357173528
ALKA.IS,FRIGO.IS,16.128308032432187
DURDO.IS,GLRYH.IS,16.134963453230057
CRDFA.IS,VKGYO.IS,16.202560984066395
EUYO.IS,MRGYO.IS,16.31863033545403
GEREL.IS,SILVR.IS,16.349257179674737
ALGYO.IS,INVEO.IS,16.353629443237878
ARSAN.IS,TKFEN.IS,16.37417377029692
HUBVC.IS,SILVR.IS,16.389364860778187
ALKA.IS,SEKFK.IS,16.39930686278376
SILVR.IS,VKGYO.IS,16.43129277492949
BIMAS.IS,GLYHO.IS,16.47948410899494
PNSUT.IS,ZEDUR.IS,16.52184001220303
GLYHO.IS,TKFEN.IS,16.532056748939794
AKSA.IS,GLYHO.IS,16.56221511267347
DURDO.IS,VAKFN.IS,16.59392594276403
ALKIM.IS,FRIGO.IS,16.616875008589318
VAKFN.IS,YUNSA.IS,16.621729093404724
DAGI.IS,OYAKC.IS,16.622205317391717
DAGI.IS,VKGYO.IS,16.636902586229553
SEKFK.IS,YUNSA.IS,16.680937888746485
PETUN.IS,YUNSA.IS,16.71444034295598
FROTO.IS,VKGYO.IS,16.82473325262754
BTCIM.IS,GLYHO.IS,16.865290838501892
EREGL.IS,FROTO.IS,16.892728622158984
GLRYH.IS,INVEO.IS,16.898522089266407
EUYO.IS,INVEO.IS,16.908947326904922
CRDFA.IS,GENTS.IS,16.913989056724745
LKMNH.IS,TKFEN.IS,16.91448702085745
CRDFA.IS,SARKY.IS,16.921258236963013
DESA.IS,MRGYO.IS,16.929840871993633
ETYAT.IS,EUKYO.IS,16.993559438496618
KGYO.IS,SEKFK.IS,16.995105161470292
AEFES.IS,TURSG.IS,17.09148980406144
FRIGO.IS,SARKY.IS,17.160950164104065
AGHOL.IS,GLYHO.IS,17.182276490224012
GLRYH.IS,ZEDUR.IS,17.251701198964383
AKSA.IS,EGPRO.IS,17.261364849783263
AKSA.IS,KGYO.IS,17.28686042680738
EUYO.IS,VAKFN.IS,17.30433941178842
PNSUT.IS,SILVR.IS,17.321601275161015
ALGYO.IS,EGPRO.IS,17.360185168311318
CRDFA.IS,EREGL.IS,17.43349294828147
ESCOM.IS,ETYAT.IS,17.48646413768347
FRIGO.IS,TURSG.IS,17.504151221743996
FRIGO.IS,KGYO.IS,17.54516978040556
AKSA.IS,SARKY.IS,17.646509173720233
AKSA.IS,ALKA.IS,17.65206088055936
ANSGR.IS,LKMNH.IS,17.661534616873723
KRONT.IS,TURSG.IS,17.674556989001985
ALGYO.IS,DESA.IS,17.70589692362944
HUBVC.IS,SASA.IS,17.72061814432243
ARSAN.IS,BIMAS.IS,17.773808755124264
BRKSN.IS,EUKYO.IS,18.038545313123564
AKSA.IS,BTCIM.IS,18.044963033327235
GENTS.IS,HUBVC.IS,18.054701300043007
BOSSA.IS,YYAPI.IS,18.059889455442317
BOSSA.IS,SILVR.IS,18.1519676452084
CRDFA.IS,EUKYO.IS,18.17283679865818
EREGL.IS,GLYHO.IS,18.213921185850722
AKSA.IS,DAGI.IS,18.21852483952773
EUYO.IS,GEDIK.IS,18.22661558699076
AGHOL.IS,YYAPI.IS,18.349099881384973
BRKSN.IS,DESA.IS,18.36758067027995
LKMNH.IS,TURSG.IS,18.36963146399171
INVEO.IS,PNSUT.IS,18.45047753480071
VKGYO.IS,YUNSA.IS,18.481460424566535
ARSAN.IS,LKMNH.IS,18.505110860440254
DAGI.IS,FRIGO.IS,18.57206467414403
EUYO.IS,HUBVC.IS,18.5786235808157
ALGYO.IS,FROTO.IS,18.61178777781106
AKSA.IS,ALKIM.IS,18.690276827828143
EGPRO.IS,VAKFN.IS,18.713911150130684
HUBVC.IS,VKGYO.IS,18.80060731934111
DURDO.IS,INVEO.IS,18.8010476311444
SEKFK.IS,TURSG.IS,18.847968672795787
AKSA.IS,HUBVC.IS,18.89498756757166
EUYO.IS,KGYO.IS,18.897895166777175
HUBVC.IS,OYAKC.IS,18.95934313359976
DURDO.IS,OYAKC.IS,19.089226340246114
EUYO.IS,SEKFK.IS,19.137634489541597
ANSGR.IS,PETUN.IS,19.18039888962994
VAKFN.IS,ZEDUR.IS,19.204588040494514
DESA.IS,VKGYO.IS,19.220615449353772
OYAKC.IS,SILVR.IS,19.28880365905502
HUBVC.IS,SARKY.IS,19.296581153848365
DURDO.IS,TUKAS.IS,19.37877316427796
EGPRO.IS,EUKYO.IS,19.44033174153003
EREGL.IS,HUBVC.IS,19.449321634099192
DESA.IS,EREGL.IS,19.521727539438302
BTCIM.IS,PETUN.IS,19.555565369713122
FROTO.IS,GEDIK.IS,19.56755435370019
DESA.IS,GEDIK.IS,19.668831457894044
ANSGR.IS,EREGL.IS,19.6816876412106
CRDFA.IS,OYAKC.IS,19.70006840691542
FROTO.IS,GLRYH.IS,19.782311185136336
DESA.IS,SASA.IS,19.78600098166521
AGHOL.IS,KRONT.IS,19.79574660024082
ALGYO.IS,BTCIM.IS,19.85132689139914
ANSGR.IS,ETYAT.IS,19.865955631100405
DAGI.IS,SILVR.IS,19.94025670516362
DAGI.IS,EREGL.IS,19.96953650447722
CRDFA.IS,EUYO.IS,20.039181660538702
GEDIK.IS,HUBVC.IS,20.047862284986536
BRKSN.IS,GEREL.IS,20.187753335682373
SAMAT.IS,SARKY.IS,20.25761860061948
DESA.IS,OZGYO.IS,20.262730805854517
INVEO.IS,VAKFN.IS,20.283375733641606
ALGYO.IS,SILVR.IS,20.294160401487716
BTCIM.IS,OYAKC.IS,20.30133394464849
VKGYO.IS,ZEDUR.IS,20.381816257852165
BIMAS.IS,RYGYO.IS,20.39756690977447
DESA.IS,KRONT.IS,20.398217325909172
BURCE.IS,GEREL.IS,20.476012650358825
DURDO.IS,EREGL.IS,20.521367532650856
BURCE.IS,PINSU.IS,20.534624963222313
ADEL.IS,KRONT.IS,20.60959629820468
ANSGR.IS,GEREL.IS,20.660399920758323
FROTO.IS,OZGYO.IS,20.679632591021345
EREGL.IS,YUNSA.IS,20.681362722500694
GLRYH.IS,SILVR.IS,20.78071130980868
EUYO.IS,VKGYO.IS,20.79176759448478
DESA.IS,GLRYH.IS,20.79733461056685
BRKSN.IS,FROTO.IS,20.814579815170646
CRDFA.IS,TURSG.IS,20.84662718999607
BURCE.IS,TURSG.IS,20.97046766008316
PETUN.IS,TURSG.IS,20.984997364191372
ADEL.IS,ETYAT.IS,20.99547558144718
ARSAN.IS,YAPRK.IS,20.99682135733201
GEREL.IS,PINSU.IS,21.018347991778455
ANSGR.IS,CRDFA.IS,21.080337010965422
EGPRO.IS,ESCOM.IS,21.088680704840044
LKMNH.IS,YYAPI.IS,21.134783469017975
GEDIK.IS,SILVR.IS,21.153628472230366
DURDO.IS,MRGYO.IS,21.1576211581812
EUKYO.IS,HUBVC.IS,21.194943955783515
AGHOL.IS,SILVR.IS,21.231003018475803
FROTO.IS,OYAKC.IS,21.25931336858264
PETUN.IS,ZEDUR.IS,21.29104241722996
SNPAM.IS,ZEDUR.IS,21.36548031911559
EGPRO.IS,EREGL.IS,21.473618159909847
AEFES.IS,RYGYO.IS,21.494987406578957
GLYHO.IS,KRONT.IS,21.515347752101206
BTCIM.IS,PNSUT.IS,21.53834240072797
DAGI.IS,TKFEN.IS,21.622668675376303
OZGYO.IS,SILVR.IS,21.67449244049908
INVEO.IS,VKGYO.IS,21.679632848070696
ETYAT.IS,VAKFN.IS,21.688299971568767
HUBVC.IS,KRONT.IS,21.749016328932157
ALGYO.IS,ETYAT.IS,21.798010991050432
BTCIM.IS,SEKFK.IS,21.841588983063957
DURDO.IS,ZEDUR.IS,21.85635092603752
BTCIM.IS,GLRYH.IS,21.871613130109267
FROTO.IS,MRGYO.IS,21.879210358569367
DAGI.IS,VAKFN.IS,22.02977079885818
ANSGR.IS,KRONT.IS,22.083325139448334
BRKSN.IS,KRONT.IS,22.147648192762745
FRIGO.IS,KRONT.IS,22.17036865448631
PINSU.IS,YAPRK.IS,22.1751902982287
EUYO.IS,FRIGO.IS,22.187755765187717
EGPRO.IS,GLRYH.IS,22.2859831238909
EGPRO.IS,MRGYO.IS,22.347511460144915
AKSA.IS,ETYAT.IS,22.390731923097064
ARSAN.IS,RYSAS.IS,22.433995478752195
ADEL.IS,PINSU.IS,22.48504434625943
GLYHO.IS,OYAKC.IS,22.493719967719358
ANSGR.IS,VAKFN.IS,22.518815743881532
BRKSN.IS,CRDFA.IS,22.54019927982563
BOSSA.IS,FROTO.IS,22.569349132761545
EGPRO.IS,OZGYO.IS,22.613779530659258
AGHOL.IS,PINSU.IS,22.7270565266399
EGPRO.IS,GLYHO.IS,22.783044518750103
SEKFK.IS,ZEDUR.IS,22.845817989479883
AEFES.IS,SILVR.IS,22.848151103431178
DURDO.IS,SARKY.IS,22.86476814133141
BIMAS.IS,YYAPI.IS,22.8940691679054
DAGI.IS,GEDIK.IS,22.909794797367113
ALGYO.IS,DURDO.IS,22.948846150124155
DESA.IS,TUKAS.IS,23.108479030929516
BTCIM.IS,GEDIK.IS,23.110403416198665
ADEL.IS,EGPRO.IS,23.114040904020612
GLYHO.IS,PETUN.IS,23.146346452007606
BIMAS.IS,PINSU.IS,23.17254908070163
ANSGR.IS,VKGYO.IS,23.175135184152282
LKMNH.IS,SILVR.IS,23.19972259321628
DURDO.IS,SASA.IS,23.205131032624195
OYAKC.IS,YUNSA.IS,23.21468165041631
ESCOM.IS,HUBVC.IS,23.247831146590784
ESCOM.IS,GEREL.IS,23.254500849713395
EGPRO.IS,VKGYO.IS,23.264635503242857
KRONT.IS,MERKO.IS,23.2659677178533
DESA.IS,SARKY.IS,23.364095947047872
BURCE.IS,MERKO.IS,23.4178067687576
KRONT.IS,PINSU.IS,23.41863382541169
BTCIM.IS,OZGYO.IS,23.418980707483115
AKSA.IS,BOSSA.IS,23.524551368751872
EGPRO.IS,TUKAS.IS,23.606960627144645
ALKA.IS,CRDFA.IS,23.611608258353385
ALKIM.IS,CRDFA.IS,23.6604483287922
ALKA.IS,HUBVC.IS,23.821861123760982
AGHOL.IS,FROTO.IS,23.863789553063725
EUKYO.IS,EUYO.IS,23.90554829484995
HUBVC.IS,TURSG.IS,23.91455253936158
ETYAT.IS,GLRYH.IS,24.059808897638618
EUYO.IS,SAMAT.IS,24.144394563740093
RYSAS.IS,TKFEN.IS,24.159804796329354
BIMAS.IS,TURSG.IS,24.170444585376345
BTCIM.IS,FRIGO.IS,24.194258269987472
EGPRO.IS,OYAKC.IS,24.297804187218162
INVEO.IS,PETUN.IS,24.306101480735492
ANSGR.IS,BIMAS.IS,24.39189022431674
EGPRO.IS,SASA.IS,24.404635503349482
ANSGR.IS,OYAKC.IS,24.422723020934995
BTCIM.IS,TUKAS.IS,24.625920224277365
AGHOL.IS,GEREL.IS,24.62648550396125
GLYHO.IS,VKGYO.IS,24.642694567918056
DESA.IS,GENTS.IS,24.646324459590232
GLYHO.IS,SEKFK.IS,24.68208231458948
FROTO.IS,TUKAS.IS,24.721137939943674
EGPRO.IS,GEDIK.IS,24.75572849149728
EUKYO.IS,SEKFK.IS,24.78989479615666
ETYAT.IS,VKGYO.IS,24.816436124872098
ETYAT.IS,OZGYO.IS,24.839252553091
AEFES.IS,AKSA.IS,24.847035408319243
ANSGR.IS,PNSUT.IS,24.868758100587
MRGYO.IS,SILVR.IS,24.873125164703197
EUKYO.IS,PETUN.IS,24.879181744641528
FROTO.IS,GENTS.IS,24.897423543183322
ETYAT.IS,GLYHO.IS,24.917031419318846
AGHOL.IS,RYGYO.IS,24.920052328001248
EUYO.IS,OYAKC.IS,25.008157573673543
DESA.IS,OYAKC.IS,25.011269815146534
BURCE.IS,KRONT.IS,25.023810718657387
BIMAS.IS,TKFEN.IS,25.05819363896194
BTCIM.IS,SILVR.IS,25.077218650620125
ETYAT.IS,MRGYO.IS,25.077883677790965
GLYHO.IS,VAKFN.IS,25.102826798673732
ARSAN.IS,MERKO.IS,25.12037368529377
BOSSA.IS,GEREL.IS,25.156219521388948
ANSGR.IS,HUBVC.IS,25.179809179047766
SAMAT.IS,SASA.IS,25.186427011405726
DESA.IS,GLYHO.IS,25.255891000421457
BOSSA.IS,KRONT.IS,25.296289427678175
ALKIM.IS,SAMAT.IS,25.31180990839448
ALKIM.IS,HUBVC.IS,25.40470440175784
EGPRO.IS,GENTS.IS,25.466170379100504
BOSSA.IS,EGPRO.IS,25.724469384508552
EREGL.IS,INVEO.IS,25.731477694483715
FROTO.IS,SASA.IS,25.797197090680015
DURDO.IS,YUNSA.IS,25.802975626474392
EUKYO.IS,FROTO.IS,25.815424738573938
ANSGR.IS,GEDIK.IS,25.858455775414882
EUKYO.IS,PNSUT.IS,25.974208099516545
MERKO.IS,TKFEN.IS,25.9964237384861
AEFES.IS,YYAPI.IS,26.027177518644976
EREGL.IS,ZEDUR.IS,26.050570734303392
EREGL.IS,ETYAT.IS,26.055992185801074
EREGL.IS,TURSG.IS,26.06872568886331
ETYAT.IS,TUKAS.IS,26.181328890714667
CRDFA.IS,KGYO.IS,26.213948002074176
CRDFA.IS,YUNSA.IS,26.22993185344103
AGHOL.IS,TKFEN.IS,26.24251650488395
AEFES.IS,FROTO.IS,26.252673187128266
SILVR.IS,TKFEN.IS,26.292396768919616
CRDFA.IS,KRONT.IS,26.301129469036596
TURSG.IS,VAKFN.IS,26.332155006654034
BTCIM.IS,VAKFN.IS,26.350587475539783
DAGI.IS,FROTO.IS,26.37620786309651
GLYHO.IS,RYGYO.IS,26.37778600904221
DAGI.IS,GLRYH.IS,26.407934537587153
OYAKC.IS,ZEDUR.IS,26.421110378116055
ETYAT.IS,GEDIK.IS,26.422063762278185
BTCIM.IS,VKGYO.IS,26.42658682340675
AGHOL.IS,ARSAN.IS,26.480765393068623
ETYAT.IS,EUYO.IS,26.579636728370247
EGPRO.IS,EUYO.IS,26.62627472397901
SILVR.IS,TUKAS.IS,26.673144255880516
INVEO.IS,OYAKC.IS,26.6890690071815
ESCOM.IS,FROTO.IS,26.706457399480314
GEREL.IS,GLYHO.IS,26.720483064358405
ANSGR.IS,MRGYO.IS,26.725125265362067
AKSA.IS,YUNSA.IS,26.77638479281927
AGHOL.IS,EGPRO.IS,26.788512259637173
PNSUT.IS,TURSG.IS,26.83281087611647
ANSGR.IS,DAGI.IS,26.87301379914095
BOSSA.IS,RYGYO.IS,26.893400911673325
GENTS.IS,SILVR.IS,26.919019447446658
AEFES.IS,TKFEN.IS,26.980325956850265
AGHOL.IS,BURCE.IS,26.993969458941365
INVEO.IS,SEKFK.IS,27.040106021898055
GEREL.IS,SEKFK.IS,27.04650938333225
DURDO.IS,FRIGO.IS,27.075736272346376
BOSSA.IS,TKFEN.IS,27.17465878231974
ALGYO.IS,ANSGR.IS,27.21515380933863
SNPAM.IS,YUNSA.IS,27.257073920663288
ETYAT.IS,SASA.IS,27.304242115069314
CRDFA.IS,GEREL.IS,27.308058844186007
SAMAT.IS,SNPAM.IS,27.533146078131665
SAMAT.IS,TUKAS.IS,27.57411809387918
BURCE.IS,LKMNH.IS,27.580112904788166
EREGL.IS,EUYO.IS,27.583775176999097
BIMAS.IS,KRONT.IS,27.64195019634417
BOSSA.IS,BTCIM.IS,27.747500191214726
DURDO.IS,PNSUT.IS,27.769550334165388
DESA.IS,EUYO.IS,27.791760382047073
BRKSN.IS,PETUN.IS,27.801337265760935
DYOBY.IS,SNGYO.IS,27.80529922056121
GEREL.IS,PETUN.IS,27.859013852050225
BOSSA.IS,DESA.IS,27.9096329857025
GEREL.IS,HUBVC.IS,28.082416479374388
ARSAN.IS,ICUGS.IS,28.14703362018463
BIMAS.IS,SILVR.IS,28.15629881308996
BTCIM.IS,FROTO.IS,28.247958060264523
ALKA.IS,SAMAT.IS,28.266523829728612
ANSGR.IS,BURCE.IS,28.266821808664417
ADEL.IS,FROTO.IS,28.310521798696072
YAPRK.IS,YYAPI.IS,28.31512839274251
BTCIM.IS,SASA.IS,28.348492961831766
TURSG.IS,VKGYO.IS,28.352029149615987
GARFA.IS,KRONT.IS,28.39195322349815
EGPRO.IS,SARKY.IS,28.52399847381548
DAGI.IS,OZGYO.IS,28.57384498856777
FRIGO.IS,YUNSA.IS,28.59788497531531
BTCIM.IS,KGYO.IS,28.671967535632348
AEFES.IS,KRONT.IS,28.753211865839376
GLRYH.IS,GLYHO.IS,28.770905462722794
BTCIM.IS,MRGYO.IS,28.77650730235098
FRIGO.IS,GEREL.IS,28.973397093693848
ETYAT.IS,OYAKC.IS,28.974105348317153
AEFES.IS,BTCIM.IS,29.051018062742628
TURSG.IS,YYAPI.IS,29.08258362717106
DURDO.IS,PETUN.IS,29.112208616493035
GLYHO.IS,MERKO.IS,29.142068688582185
GLYHO.IS,PNSUT.IS,29.269181540485988
BTCIM.IS,GENTS.IS,29.2784357823258
DESA.IS,ESCOM.IS,29.314842579179867
GEDIK.IS,GLYHO.IS,29.355758087863478
ETYAT.IS,GENTS.IS,29.480811297060427
BRKSN.IS,SEKFK.IS,29.585471739802415
HUBVC.IS,YUNSA.IS,29.683074937612105
DAGI.IS,PETUN.IS,29.748911239210656
BRKSN.IS,SILVR.IS,29.75680027013766
BRKSN.IS,PNSUT.IS,29.835280148108154
ALGYO.IS,GLYHO.IS,29.90581521847389
FROTO.IS,LKMNH.IS,29.965697515237252
ANSGR.IS,YYAPI.IS,30.021301415783682
FROTO.IS,SARKY.IS,30.094222116145488
AEFES.IS,EGPRO.IS,30.152589076562435
KRONT.IS,PETUN.IS,30.163980858467653
BIMAS.IS,YAPRK.IS,30.211963962164646
OYAKC.IS,USAK.IS,30.43156661632179
ARSAN.IS,DYOBY.IS,30.433348963015987
MERKO.IS,SILVR.IS,30.4875091689064
SASA.IS,SILVR.IS,30.525708813915912
BURCE.IS,FROTO.IS,30.538542794721934
ARSAN.IS,GLYHO.IS,30.54290462756444
ALGYO.IS,USAK.IS,30.6022432568991
BOSSA.IS,SEKFK.IS,30.619107508699017
LKMNH.IS,RYSAS.IS,30.63759488904202
ANSGR.IS,TKFEN.IS,30.66306746774376
AGHOL.IS,YAPRK.IS,30.71619865782509
HUBVC.IS,KGYO.IS,30.758916617238356
ADEL.IS,DESA.IS,30.853686203056213
MERKO.IS,YAPRK.IS,30.917940619581714
MERKO.IS,PINSU.IS,30.920614750571303
ETYAT.IS,GARFA.IS,30.93336522516188
CRDFA.IS,ZEDUR.IS,30.95164620909918
BRKSN.IS,FRIGO.IS,30.977558577230866
OYAKC.IS,TURSG.IS,30.98077477093534
ANSGR.IS,OZGYO.IS,31.0470958475031
BURCE.IS,SILVR.IS,31.058661621380907
LKMNH.IS,MERKO.IS,31.059808421603975
ADEL.IS,BURCE.IS,31.06124460862975
DAGI.IS,GENTS.IS,31.089414983520555
AKSA.IS,DURDO.IS,31.110635220324298
BOSSA.IS,FRIGO.IS,31.116831222395945
EUKYO.IS,MRGYO.IS,31.13422151680902
GENTS.IS,SAMAT.IS,31.236493521903924
ANSGR.IS,BTCIM.IS,31.264930848261656
KRONT.IS,LKMNH.IS,31.266647652668553
GEDIK.IS,TURSG.IS,31.267473434105455
AKSA.IS,EUYO.IS,31.283884973727027
MRGYO.IS,TURSG.IS,31.28843927587411
KGYO.IS,SAMAT.IS,31.331541549617214
ESCOM.IS,SILVR.IS,31.336473937860546
DURDO.IS,EUYO.IS,31.35708048137019
BOSSA.IS,BURCE.IS,31.360473050989185
EUYO.IS,FROTO.IS,31.41629534478068
ETYAT.IS,SARKY.IS,31.487569717013912
GLYHO.IS,OZGYO.IS,31.49891569064539
ANSGR.IS,GLRYH.IS,31.526253939761318
BIMAS.IS,GEREL.IS,31.622013381917213
AEFES.IS,GEREL.IS,31.651771133663715
EREGL.IS,USAK.IS,31.7065224073624
EUKYO.IS,SASA.IS,31.742820022880096
RYSAS.IS,YAPRK.IS,31.75685721066202
GEREL.IS,LKMNH.IS,31.77494682328779
BOSSA.IS,ETYAT.IS,31.789371479438387
GARFA.IS,GEREL.IS,31.817891891908403
KRONT.IS,TKFEN.IS,31.826279153873656
ALKIM.IS,SNPAM.IS,31.85925791539205
KRONT.IS,SEKFK.IS,31.881794216661092
AGHOL.IS,DESA.IS,31.903894575621507
AGHOL.IS,AKSA.IS,32.04981337275967
AEFES.IS,ARSAN.IS,32.083601411668724
ALGYO.IS,TURSG.IS,32.13357684997561
DAGI.IS,TURSG.IS,32.15335519185203
CRDFA.IS,GLYHO.IS,32.20650481170071
BURCE.IS,DESA.IS,32.345279263671046
KGYO.IS,SNPAM.IS,32.41223310754373
BTCIM.IS,SARKY.IS,32.45917899281517
PINSU.IS,YYAPI.IS,32.59925811173434
ALGYO.IS,DAGI.IS,32.62201657821538
FRIGO.IS,ZEDUR.IS,32.65660900342982
BURCE.IS,YYAPI.IS,32.67525186614807
BIMAS.IS,BURCE.IS,32.721439096761515
GLYHO.IS,HUBVC.IS,32.78523147412284
ALKIM.IS,DESA.IS,32.834915522490746
LKMNH.IS,YAPRK.IS,32.91198064054652
EUKYO.IS,GEREL.IS,32.99878807499192
BOSSA.IS,EREGL.IS,33.049097773634
ALKA.IS,DESA.IS,33.09476454965818
ANSGR.IS,SASA.IS,33.108016669361405
ARSAN.IS,BOSSA.IS,33.27740842811545
DESA.IS,YUNSA.IS,33.288817736032456
BTCIM.IS,EGPRO.IS,33.289372039524096
DAGI.IS,DURDO.IS,33.43448598609962
MRGYO.IS,SAMAT.IS,33.46791483841616
TKFEN.IS,TURSG.IS,33.536451762493925
BRKSN.IS,EUYO.IS,33.588767227562585
ARSAN.IS,YYAPI.IS,33.593743877315774
BOSSA.IS,PINSU.IS,33.61751763886855
BOSSA.IS,PETUN.IS,33.87210384614502
AKSA.IS,ZEDUR.IS,33.88863814732383
BTCIM.IS,DAGI.IS,33.93544752806099
HUBVC.IS,ZEDUR.IS,34.087972859086335
GEREL.IS,PNSUT.IS,34.14432911003723
BURCE.IS,ETYAT.IS,34.17599733711654
AEFES.IS,DESA.IS,34.185327206928605
OZGYO.IS,SAMAT.IS,34.28346017640433
EUKYO.IS,FRIGO.IS,34.39896632451382
ALKA.IS,FROTO.IS,34.46692187242604
BIMAS.IS,FROTO.IS,34.481371537598534
DESA.IS,KGYO.IS,34.54097773639296
ALGYO.IS,SAMAT.IS,34.582712548385075
PINSU.IS,TURSG.IS,34.59499827914419
CRDFA.IS,INVEO.IS,34.63840763115081
ANSGR.IS,GENTS.IS,34.65478838141303
AGHOL.IS,ETYAT.IS,34.735436514216644
EGPRO.IS,GARFA.IS,34.795695877241315
ALGYO.IS,EUKYO.IS,34.813274035345216
EUKYO.IS,SARKY.IS,34.81388662225481
DAGI.IS,MRGYO.IS,34.84571969213266
BTCIM.IS,DESA.IS,34.84849967579862
GLRYH.IS,TURSG.IS,34.900409716027866
PNSUT.IS,SAMAT.IS,34.93859871128302
FROTO.IS,TKFEN.IS,34.94568626406294
AEFES.IS,FRIGO.IS,34.95327740265566
GEREL.IS,MERKO.IS,34.98611686498339
FRIGO.IS,INVEO.IS,35.00164219919941
DAGI.IS,SEKFK.IS,35.01923260431363
AEFES.IS,EREGL.IS,35.087723091609064
ALKA.IS,BTCIM.IS,35.144879201651975
FROTO.IS,KGYO.IS,35.15524745049402
BTCIM.IS,CRDFA.IS,35.159793705311245
FROTO.IS,MERKO.IS,35.17375958394109
CRDFA.IS,ESCOM.IS,35.173850097422246
BIMAS.IS,MERKO.IS,35.20354451069488
ALKIM.IS,BTCIM.IS,35.234980379786975
ESCOM.IS,EUKYO.IS,35.26206451600683
BTCIM.IS,TURSG.IS,35.282011554817245
AEFES.IS,SEKFK.IS,35.29363848310436
AKSA.IS,USAK.IS,35.38570577137841
ALKIM.IS,FROTO.IS,35.39646897771695
OZGYO.IS,TURSG.IS,35.47352460701791
BRKSN.IS,TURSG.IS,35.537658589415855
AKSA.IS,KRONT.IS,35.553715344906436
ALKA.IS,EGPRO.IS,35.557217552120505
ESCOM.IS,PINSU.IS,35.6380378486092
SARKY.IS,SILVR.IS,35.65467429566422
ADEL.IS,EUKYO.IS,35.73377538902878
DAGI.IS,PNSUT.IS,35.772515424159565
ALKA.IS,SILVR.IS,35.80282292078118
TUKAS.IS,USAK.IS,35.834545081879696
LKMNH.IS,PINSU.IS,35.836682910126456
AKSA.IS,LKMNH.IS,35.83843258361492
AKSA.IS,GEREL.IS,35.84266287360856
ADEL.IS,TURSG.IS,35.84735829857755
DAGI.IS,KGYO.IS,35.89881329712796
KRONT.IS,YAPRK.IS,35.95057427693928
DURDO.IS,SEKFK.IS,35.962087775983946
ALKA.IS,SNPAM.IS,36.097584213922744
EUKYO.IS,TURSG.IS,36.10934863443708
ALKA.IS,DAGI.IS,36.11301047797963
GENTS.IS,USAK.IS,36.165469571412814
AKSA.IS,INVEO.IS,36.18779919350595
BTCIM.IS,ETYAT.IS,36.19509457550305
ADEL.IS,HUBVC.IS,36.20668474220122
BOSSA.IS,DAGI.IS,36.50110021288026
RYGYO.IS,YYAPI.IS,36.525025085489915
KGYO.IS,SILVR.IS,36.61661447584834
BURCE.IS,EGPRO.IS,36.667727369913564
ADEL.IS,SILVR.IS,36.75911428383142
DAGI.IS,LKMNH.IS,36.82611985936967
ALKA.IS,ETYAT.IS,37.25397323681909
ALKIM.IS,SILVR.IS,37.27459074715682
ANSGR.IS,TUKAS.IS,37.27999366297945
DAGI.IS,TUKAS.IS,37.38379223112747
GLYHO.IS,MRGYO.IS,37.44140786467972
ALKIM.IS,EGPRO.IS,37.46249970132908
AGHOL.IS,FRIGO.IS,37.63552517750168
BURCE.IS,GLYHO.IS,37.640827517995604
KRONT.IS,PNSUT.IS,37.716949050507424
GLYHO.IS,TUKAS.IS,37.742093766784365
AGHOL.IS,MERKO.IS,37.7467151929568
GENTS.IS,GLYHO.IS,37.78980633352717
SASA.IS,TURSG.IS,37.86684619274399
AEFES.IS,PINSU.IS,38.00961236190642
DURDO.IS,SNPAM.IS,38.067434262244205
EUKYO.IS,YUNSA.IS,38.12210131017741
DYOBY.IS,ICUGS.IS,38.190592084377386
SARKY.IS,SNPAM.IS,38.212416192560454
ESCOM.IS,TURSG.IS,38.25155409250351
EUKYO.IS,TUKAS.IS,38.26415043325892
BOSSA.IS,OYAKC.IS,38.32774965243334
RYGYO.IS,YAPRK.IS,38.392784579368026
ESCOM.IS,FRIGO.IS,38.42058520773935
BTCIM.IS,HUBVC.IS,38.473600942845565
BIMAS.IS,EGPRO.IS,38.61411310077028
EUKYO.IS,VAKFN.IS,38.61516913900641
BOSSA.IS,CRDFA.IS,38.71540257570223
AGHOL.IS,SEKFK.IS,38.76668788418965
GLRYH.IS,SAMAT.IS,38.773909387697756
HUBVC.IS,INVEO.IS,38.79175872693361
SEKFK.IS,USAK.IS,38.82857252382246
SASA.IS,USAK.IS,38.86914953372286
ALKIM.IS,DAGI.IS,38.88844033427665
AEFES.IS,BURCE.IS,38.91078993255451
ALKIM.IS,ETYAT.IS,38.94737178885191
AEFES.IS,PETUN.IS,39.0168284857283
EUKYO.IS,GARFA.IS,39.04940548122113
TKFEN.IS,YAPRK.IS,39.20202873655944
BOSSA.IS,HUBVC.IS,39.26761359954253
GARFA.IS,PINSU.IS,39.27008626586348
EUYO.IS,SILVR.IS,39.27124777646577
BURCE.IS,YAPRK.IS,39.32861140109958
EGPRO.IS,KGYO.IS,39.479058843909456
AEFES.IS,DAGI.IS,39.54001349319367
EGPRO.IS,PINSU.IS,39.55336005363188
ARSAN.IS,PINSU.IS,39.56030059580621
ANSGR.IS,RYGYO.IS,39.69693711509899
EUKYO.IS,OZGYO.IS,39.71392118490144
BIMAS.IS,BTCIM.IS,39.81699105450912
EUKYO.IS,SILVR.IS,39.84725963211099
BTCIM.IS,LKMNH.IS,39.90431237308087
EGPRO.IS,TEHOL.IS,39.974416913723076
OZGYO.IS,USAK.IS,40.10484334940179
EUKYO.IS,GEDIK.IS,40.106891426650236
AEFES.IS,ETYAT.IS,40.14708750661839
MRGYO.IS,USAK.IS,40.14952106575515
TKFEN.IS,YYAPI.IS,40.22949713214098
MERKO.IS,TURSG.IS,40.24940148723613
AEFES.IS,OYAKC.IS,40.295277717891736
ALGYO.IS,BRKSN.IS,40.29624767565019
DAGI.IS,RYGYO.IS,40.344067432293514
KRONT.IS,VAKFN.IS,40.581294559843855
BURCE.IS,ESCOM.IS,40.58719103923886
GENTS.IS,TURSG.IS,40.73316674345733
FRIGO.IS,TKFEN.IS,40.739043712987495
ANSGR.IS,SARKY.IS,40.762080993789596
AKSA.IS,EUKYO.IS,40.82412169575309
DESA.IS,LKMNH.IS,40.82848012869408
CRDFA.IS,DAGI.IS,40.85313575983673
ESCOM.IS,PETUN.IS,40.876138049291285
BTCIM.IS,GEREL.IS,40.9056471364388
PNSUT.IS,USAK.IS,40.936035738343435
DAGI.IS,EGPRO.IS,41.04581676265502
AGHOL.IS,BTCIM.IS,41.04675583045173
DAGI.IS,DESA.IS,41.05828633335216
BTCIM.IS,USAK.IS,41.10494044004122
EGPRO.IS,YUNSA.IS,41.19812451244877
GLRYH.IS,USAK.IS,41.22700157500242
EUKYO.IS,GENTS.IS,41.24027822101675
DAGI.IS,KRONT.IS,41.32480497473955
DESA.IS,ZEDUR.IS,41.36191043700978
GEDIK.IS,USAK.IS,41.4180700016949
CRDFA.IS,DURDO.IS,41.43303142272919
EGPRO.IS,LKMNH.IS,41.463557479296696
ETYAT.IS,KGYO.IS,41.4957583233238
BOSSA.IS,PNSUT.IS,41.544456065421514
ANSGR.IS,EUKYO.IS,41.548116044729454
RYSAS.IS,YYAPI.IS,41.62277564205078
EUKYO.IS,GLRYH.IS,41.75202921156381
TUKAS.IS,TURSG.IS,41.76152721055621
KRONT.IS,YYAPI.IS,41.878616478597905
ADEL.IS,CRDFA.IS,41.87919684415465
FROTO.IS,PINSU.IS,42.03008248839069
GEDIK.IS,SAMAT.IS,42.136660899246976
BOSSA.IS,VAKFN.IS,42.23691749056411
PETUN.IS,USAK.IS,42.56680293367003
BOSSA.IS,VKGYO.IS,42.617602651091374
DAGI.IS,ETYAT.IS,42.68134188041188
ALGYO.IS,GEREL.IS,42.70665301991232
KGYO.IS,USAK.IS,42.85566965211092
ALGYO.IS,BOSSA.IS,42.896443665582524
DYOBY.IS,YAPRK.IS,42.91045561724832
BRKSN.IS,VAKFN.IS,42.95195643722718
FROTO.IS,GARFA.IS,43.04682667454381
PINSU.IS,SILVR.IS,43.04802691214809
EREGL.IS,KRONT.IS,43.057422698601954
SARKY.IS,USAK.IS,43.076572951461
ETYAT.IS,PINSU.IS,43.14837329263105
ADEL.IS,AGHOL.IS,43.17051758835714
SASA.IS,SNPAM.IS,43.29720411831198
FRIGO.IS,LKMNH.IS,43.30653094132549
AGHOL.IS,PETUN.IS,43.35063581428733
ANSGR.IS,BRKSN.IS,43.51081096758105
EUKYO.IS,ZEDUR.IS,43.514209674657764
ANSGR.IS,PINSU.IS,43.53361873485869
BIMAS.IS,RYSAS.IS,43.57280242176944
GLYHO.IS,SASA.IS,43.572844728803716
EUKYO.IS,KRONT.IS,43.60571857084926
EREGL.IS,GEREL.IS,43.61268178223429
DAGI.IS,HUBVC.IS,43.651719959375214
PETUN.IS,SAMAT.IS,43.720455565190946
ETYAT.IS,YUNSA.IS,43.72094953771227
EUKYO.IS,VKGYO.IS,43.76949418694994
KRONT.IS,VKGYO.IS,43.777191602067205
ARSAN.IS,KRONT.IS,43.82886118183819
FROTO.IS,YUNSA.IS,43.88618452779531
ESCOM.IS,SEKFK.IS,43.9745413520983
AEFES.IS,CRDFA.IS,43.99945275253549
BRKSN.IS,TUKAS.IS,44.03616437627795
ETYAT.IS,MERKO.IS,44.05247388526004
GEREL.IS,YYAPI.IS,44.08970294046571
ALGYO.IS,KRONT.IS,44.11591405747333
DAGI.IS,SASA.IS,44.20677638083623
SEKFK.IS,TEHOL.IS,44.25922356351816
AGHOL.IS,HUBVC.IS,44.27195203078372
AKSA.IS,BIMAS.IS,44.29302588718406
AGHOL.IS,CRDFA.IS,44.30677733197081
GLYHO.IS,YYAPI.IS,44.35672535251433
GEREL.IS,VAKFN.IS,44.37727183149491
KRONT.IS,OYAKC.IS,44.428650340952345
RYGYO.IS,TURSG.IS,44.4336878004508
USAK.IS,VAKFN.IS,44.5222926945421
DESA.IS,GARFA.IS,44.52603347162221
SAMAT.IS,VAKFN.IS,44.70340968393634
HUBVC.IS,TEHOL.IS,44.74861089202875
GLYHO.IS,KGYO.IS,44.75669362446479
AGHOL.IS,EREGL.IS,44.75964728339193
BTCIM.IS,TEHOL.IS,44.820614621432924
BURCE.IS,TKFEN.IS,44.875194675877765
AKSA.IS,TKFEN.IS,45.00883006894321
GARFA.IS,HUBVC.IS,45.0400145177166
BRKSN.IS,GLRYH.IS,45.136782040449816
AGHOL.IS,RYSAS.IS,45.13933815058817
ICUGS.IS,SNGYO.IS,45.17945398709526
SARKY.IS,TURSG.IS,45.18787151747847
ETYAT.IS,LKMNH.IS,45.21194864041547
ARSAN.IS,BURCE.IS,45.26841750716858
BOSSA.IS,YAPRK.IS,45.302386864767186
CCOLA.IS,SAMAT.IS,45.329448049330324
GENTS.IS,SNPAM.IS,45.53314401092757
ANSGR.IS,KGYO.IS,45.54778148861999
BOSSA.IS,MERKO.IS,45.594239227523985
BRKSN.IS,OZGYO.IS,45.60087010074358
AEFES.IS,HUBVC.IS,45.61814496170871
AEFES.IS,YAPRK.IS,45.80539251386335
ESCOM.IS,PNSUT.IS,45.875648508106565
AGHOL.IS,DAGI.IS,45.87571031407492
PETUN.IS,TEHOL.IS,45.9350359140459
ALKA.IS,USAK.IS,46.002394859555125
GLRYH.IS,KRONT.IS,46.03219348959681
PNSUT.IS,TEHOL.IS,46.03843552191472
ALKA.IS,ANSGR.IS,46.07291078838932
BIMAS.IS,DESA.IS,46.08204260795287
AEFES.IS,ALGYO.IS,46.28718047813152
BOSSA.IS,GEDIK.IS,46.30483274700521
BIMAS.IS,ETYAT.IS,46.43361195040961
ALKIM.IS,USAK.IS,46.45881179311277
AEFES.IS,PNSUT.IS,46.49047891091561
SAMAT.IS,SEKFK.IS,46.592280289695964
ESCOM.IS,MERKO.IS,46.616774139449035
ADEL.IS,ANSGR.IS,46.64851926256097
BRKSN.IS,PINSU.IS,46.69221863107782
USAK.IS,VKGYO.IS,46.755176510702086
ANSGR.IS,MERKO.IS,46.78025952306143
BRKSN.IS,MRGYO.IS,46.827013177952836
ALKIM.IS,ANSGR.IS,46.83801489022994
BOSSA.IS,MRGYO.IS,46.88177473651831
DESA.IS,INVEO.IS,46.91707623716002
GLYHO.IS,PINSU.IS,46.932865276083476
DURDO.IS,HUBVC.IS,46.93707538404544
RYGYO.IS,SILVR.IS,46.944959884713626
BTCIM.IS,YUNSA.IS,46.970229222966395
ADEL.IS,MERKO.IS,47.07093113899009
ALKA.IS,GLYHO.IS,47.1766372338443
AEFES.IS,VAKFN.IS,47.3046438168451
SILVR.IS,YYAPI.IS,47.31038393140875
EREGL.IS,LKMNH.IS,47.46342240253841
BRKSN.IS,SASA.IS,47.545543683245114
BIMAS.IS,FRIGO.IS,47.616032866925934
DESA.IS,TEHOL.IS,47.62707333308799
SNPAM.IS,TUKAS.IS,47.637660502742506
AEFES.IS,RYSAS.IS,47.650367224347974
GEREL.IS,VKGYO.IS,47.85578039868528
GEREL.IS,GLRYH.IS,48.521035591775444
AEFES.IS,VKGYO.IS,48.5403118911446
ARSAN.IS,SILVR.IS,48.589210124420106
DURDO.IS,SILVR.IS,48.610755029599886
ADEL.IS,SEKFK.IS,48.65890251892483
GEREL.IS,MRGYO.IS,48.682144693134205
KRONT.IS,OZGYO.IS,48.73485922729378
EREGL.IS,EUKYO.IS,48.911502018226656
ALKIM.IS,GLYHO.IS,48.91286154381328
BOSSA.IS,GLRYH.IS,48.95799606249773
ETYAT.IS,TEHOL.IS,49.00908633985807
ETYAT.IS,ZEDUR.IS,49.0192020104829
BRKSN.IS,SARKY.IS,49.020004783647664
BOSSA.IS,TEHOL.IS,49.155595071613675
EGPRO.IS,ZEDUR.IS,49.20746470738004
GEDIK.IS,GEREL.IS,49.2395023921996
DURDO.IS,SAMAT.IS,49.25143411114868
GEREL.IS,TEHOL.IS,49.25654530584188
EGPRO.IS,MERKO.IS,49.32043619146907
GEREL.IS,OZGYO.IS,49.33891045269752
MERKO.IS,RYGYO.IS,49.344077970577246
ALKA.IS,EUKYO.IS,49.36611258778112
ALKIM.IS,EUKYO.IS,49.425096263849355
FRIGO.IS,USAK.IS,49.431294382428405
ADEL.IS,PETUN.IS,49.44836951751711
BRKSN.IS,BURCE.IS,49.50946161518732
GLYHO.IS,SARKY.IS,49.55149348615794
AGHOL.IS,OYAKC.IS,49.5904800275822
ANSGR.IS,ESCOM.IS,49.65023529431073
BOSSA.IS,OZGYO.IS,49.87222547331294
BURCE.IS,GARFA.IS,49.97914408070778
TURSG.IS,YAPRK.IS,49.99219857733942
BRKSN.IS,GENTS.IS,50.096796287360576
TEHOL.IS,TURSG.IS,50.10017007272518
AEFES.IS,MERKO.IS,50.143134367263656
ALGYO.IS,TEHOL.IS,50.35007304193448
DURDO.IS,FROTO.IS,50.43707548003249
AEFES.IS,GEDIK.IS,50.45441448582653
AKSA.IS,BRKSN.IS,50.47606506512989
FROTO.IS,ZEDUR.IS,50.53735084321352
DESA.IS,PINSU.IS,50.54598598306757
GEDIK.IS,KRONT.IS,50.707619107980236
AEFES.IS,TEHOL.IS,50.7855144858695
LKMNH.IS,SEKFK.IS,50.7900942671065
AGHOL.IS,ESCOM.IS,50.80900217758153
EREGL.IS,TKFEN.IS,50.82559064190241
ADEL.IS,FRIGO.IS,50.852872098281296
HUBVC.IS,SAMAT.IS,50.85440367594424
SAMAT.IS,VKGYO.IS,50.99828689661018
GEDIK.IS,SNPAM.IS,51.046391449214696
GEREL.IS,OYAKC.IS,51.13565357449954
OZGYO.IS,SNPAM.IS,51.14620227190551
FROTO.IS,YYAPI.IS,51.14770592648256
EUKYO.IS,OYAKC.IS,51.19819957316679
BIMAS.IS,DAGI.IS,51.223375365086326
SILVR.IS,YUNSA.IS,51.22492332781735
KRONT.IS,MRGYO.IS,51.29816799979699
GEREL.IS,YAPRK.IS,51.3567430069204
GEREL.IS,SASA.IS,51.458493365995764
MRGYO.IS,SNPAM.IS,51.5697592009451
BRKSN.IS,VKGYO.IS,51.64323340873136
FRIGO.IS,MERKO.IS,51.69778083586493
DAGI.IS,SARKY.IS,51.70182073992578
USAK.IS,YUNSA.IS,51.70299451798428
BURCE.IS,FRIGO.IS,51.70798349934785
ALKA.IS,TURSG.IS,51.71669999180142
CRDFA.IS,SAMAT.IS,51.72272329825364
GEREL.IS,TUKAS.IS,51.73051638057257
ESCOM.IS,GLYHO.IS,51.770239183189915
BOSSA.IS,RYSAS.IS,51.868769631675605
BTCIM.IS,KRONT.IS,51.898468596289376
ARSAN.IS,TURSG.IS,51.998249596331334
AGHOL.IS,PNSUT.IS,52.018235489638414
BIMAS.IS,SEKFK.IS,52.038427171248486
ADEL.IS,BOSSA.IS,52.069155387646106
DYOBY.IS,RYSAS.IS,52.31727332158471
CRDFA.IS,GARFA.IS,52.425839863868646
EUKYO.IS,INVEO.IS,52.427478331728025
GLYHO.IS,RYSAS.IS,52.50238813691931
BRKSN.IS,TEHOL.IS,52.55422522129129
GARFA.IS,SILVR.IS,52.586172992339925
GEREL.IS,TKFEN.IS,52.67267935761515
LKMNH.IS,PETUN.IS,52.68318248856724
AEFES.IS,MRGYO.IS,52.688694217063016
CRDFA.IS,TEHOL.IS,52.76055319526165
KGYO.IS,TURSG.IS,52.780064602428865
ANSGR.IS,YUNSA.IS,52.79383456721848
EGPRO.IS,TKFEN.IS,52.82202092068542
ALKIM.IS,TURSG.IS,52.839293851242246
ANSGR.IS,ARSAN.IS,52.84002573507814
ANSGR.IS,EUYO.IS,52.91197941353914
BURCE.IS,CRDFA.IS,52.96120956836967
BRKSN.IS,GLYHO.IS,53.28450288454462
TKFEN.IS,VKGYO.IS,53.28609809745137
KRONT.IS,TUKAS.IS,53.346320043117316
BRKSN.IS,EREGL.IS,53.363730966847015
AEFES.IS,GLRYH.IS,53.58659550394145
BRKSN.IS,GEDIK.IS,53.59251877544568
EUYO.IS,TURSG.IS,53.666890069814826
BIMAS.IS,EREGL.IS,53.81677262355868
EUYO.IS,SNPAM.IS,53.85112194549265
AGHOL.IS,VAKFN.IS,53.86390056679727
DESA.IS,DURDO.IS,53.878751997283985
DESA.IS,MERKO.IS,53.90671228803285
OYAKC.IS,SAMAT.IS,53.928778384571956
GLYHO.IS,YAPRK.IS,53.996490166012336
BOSSA.IS,ESCOM.IS,54.0250658250402
BOSSA.IS,SASA.IS,54.12994527868568
EUYO.IS,GEREL.IS,54.27658547032752
FROTO.IS,TEHOL.IS,54.285952351183596
MERKO.IS,YYAPI.IS,54.29627730297716
AGHOL.IS,ALGYO.IS,54.339447290838166
EREGL.IS,SAMAT.IS,54.58291316950044
EUKYO.IS,KGYO.IS,54.607901099146034
OYAKC.IS,TKFEN.IS,54.747930525783204
HUBVC.IS,USAK.IS,54.78964248228715
AGHOL.IS,TEHOL.IS,54.90331263385815
ADEL.IS,BIMAS.IS,54.91121484433165
BTCIM.IS,TKFEN.IS,54.978416069033074
AKSA.IS,RYGYO.IS,55.05391403102669
EGPRO.IS,INVEO.IS,55.139223965222186
BTCIM.IS,EUYO.IS,55.20634472848042
DAGI.IS,RYSAS.IS,55.26023645769919
ANSGR.IS,TEHOL.IS,55.28630329309192
GENTS.IS,KRONT.IS,55.31559020266195
BTCIM.IS,DURDO.IS,55.374266600254714
AEFES.IS,OZGYO.IS,55.435165131440044
LKMNH.IS,OYAKC.IS,55.469203604111954
BTCIM.IS,ZEDUR.IS,55.54610016347465
KRONT.IS,RYGYO.IS,55.57293143020388
BIMAS.IS,PETUN.IS,55.636027733964966
BRKSN.IS,OYAKC.IS,55.66232129880768
BOSSA.IS,TUKAS.IS,55.67441640832783
ADEL.IS,PNSUT.IS,55.712974565196646
DAGI.IS,MERKO.IS,55.73437535349194
AGHOL.IS,VKGYO.IS,55.751070605811606
ADEL.IS,GLYHO.IS,55.836815274241644
DESA.IS,TKFEN.IS,55.858988516316344
AKSA.IS,TEHOL.IS,55.87229297052522
BIMAS.IS,TEHOL.IS,55.90288957672328
AEFES.IS,USAK.IS,55.957988604067054
BURCE.IS,SEKFK.IS,55.95935366114577
EGPRO.IS,YYAPI.IS,55.983011134964954
CRDFA.IS,LKMNH.IS,56.14084911413397
GENTS.IS,GEREL.IS,56.28936646569491
LKMNH.IS,VKGYO.IS,56.29648954948084
FROTO.IS,INVEO.IS,56.370171909297824
AGHOL.IS,BRKSN.IS,56.445025767841344
GLRYH.IS,SNPAM.IS,56.54520375021593
ETYAT.IS,INVEO.IS,56.6530098515841
GARFA.IS,TURSG.IS,56.73326397565393
ESCOM.IS,VAKFN.IS,56.81168618545553
ETYAT.IS,TKFEN.IS,56.82608857339437
ADEL.IS,TEHOL.IS,57.047089018539054
BURCE.IS,HUBVC.IS,57.11085436114206
BOSSA.IS,GENTS.IS,57.13676110738129
TEHOL.IS,TUKAS.IS,57.150987669834535
DESA.IS,YYAPI.IS,57.18146500385001
BTCIM.IS,INVEO.IS,57.24367825709919
MERKO.IS,RYSAS.IS,57.30501135836994
DAGI.IS,GEREL.IS,57.35872831598067
ARSAN.IS,DAGI.IS,57.39713715191829
CRDFA.IS,USAK.IS,57.41081939181265
PINSU.IS,TKFEN.IS,57.45063260738857
INVEO.IS,USAK.IS,57.489158618348256
ICUGS.IS,MERKO.IS,57.51355936835489
ESCOM.IS,EUYO.IS,57.661083935557144
GEREL.IS,SARKY.IS,57.68902080481075
SILVR.IS,ZEDUR.IS,57.73319105541816
ICUGS.IS,TKFEN.IS,57.80278420522586
ALGYO.IS,SNPAM.IS,57.805827410169286
EUKYO.IS,SAMAT.IS,57.84850767027456
ANSGR.IS,YAPRK.IS,57.88453627862941
ALGYO.IS,ESCOM.IS,58.10196602052679
SASA.IS,TEHOL.IS,58.25553359223363
TURSG.IS,YUNSA.IS,58.34290584476071
FROTO.IS,RYGYO.IS,58.40766472529617
BIMAS.IS,HUBVC.IS,58.40794010436775
TKFEN.IS,VAKFN.IS,58.474052693175395
ADEL.IS,AEFES.IS,58.58741053391782
GLYHO.IS,USAK.IS,58.63284833302146
LKMNH.IS,VAKFN.IS,58.70827192806678
LINK.IS,SNGYO.IS,58.709866349718595
SILVR.IS,TEHOL.IS,58.73779499126056
DAGI.IS,EUYO.IS,58.81285156921433
EUYO.IS,KRONT.IS,58.87115452421881
GARFA.IS,MERKO.IS,58.95850278449893
ARSAN.IS,GEREL.IS,59.07198176159932
ICUGS.IS,RYSAS.IS,59.16644712068023
BOSSA.IS,BRKSN.IS,59.2890730999452
SILVR.IS,YAPRK.IS,59.33111388087423
DURDO.IS,GLYHO.IS,59.380773694030495
ESCOM.IS,TEHOL.IS,59.45792531724328
ESCOM.IS,GLRYH.IS,59.500898017106806
MRGYO.IS,TEHOL.IS,59.5820348169259
FRIGO.IS,TEHOL.IS,59.59221938433393
KRONT.IS,SASA.IS,59.61237361317694
BTCIM.IS,RYGYO.IS,59.67691135611403
ICUGS.IS,YAPRK.IS,59.74013322941937
AGHOL.IS,GEDIK.IS,59.78993071416119
AEFES.IS,SASA.IS,59.92344837975736
ALKA.IS,BRKSN.IS,59.930160092944675
BIMAS.IS,ESCOM.IS,60.02073691065402
BIMAS.IS,OYAKC.IS,60.08699872233683
PETUN.IS,TKFEN.IS,60.11531732652577
USAK.IS,ZEDUR.IS,60.27832224266024
DYOBY.IS,RYGYO.IS,60.32915365675581
BURCE.IS,PETUN.IS,60.37335014610949
AEFES.IS,TUKAS.IS,60.39275527737584
ADEL.IS,YAPRK.IS,60.417769106727064
AGHOL.IS,MRGYO.IS,60.52994152726649
ARSAN.IS,FROTO.IS,60.53584403005266
DURDO.IS,EGPRO.IS,60.54706168104519
AKSA.IS,YYAPI.IS,60.68402107811244
AKSA.IS,BURCE.IS,60.7322241986958
CCOLA.IS,YUNSA.IS,60.77900586814894
ANSGR.IS,USAK.IS,60.85272375640284
AEFES.IS,GENTS.IS,60.93501885283558
FRIGO.IS,SAMAT.IS,60.94566256007283
DURDO.IS,ETYAT.IS,60.984293274862694
AKSA.IS,ESCOM.IS,61.28230962924533
EGPRO.IS,USAK.IS,61.31272540782811
ETYAT.IS,YYAPI.IS,61.39220499740463
DYOBY.IS,LINK.IS,61.395638614756535
OYAKC.IS,TEHOL.IS,61.472106476697036
ICUGS.IS,RYGYO.IS,61.503173989045536
GEDIK.IS,LKMNH.IS,61.69760351654179
GLRYH.IS,TEHOL.IS,61.704293100587165
SEKFK.IS,TKFEN.IS,61.74316441166695
ANSGR.IS,RYSAS.IS,61.78970900650074
EREGL.IS,TEHOL.IS,61.86150589341321
SNPAM.IS,VKGYO.IS,61.87878704924975
ALKIM.IS,BRKSN.IS,61.904837145758734
KRONT.IS,TEHOL.IS,62.02754822984684
BIMAS.IS,CRDFA.IS,62.158171535070665
ESCOM.IS,OZGYO.IS,62.249190704493344
BRKSN.IS,YUNSA.IS,62.37430199739106
AGHOL.IS,GLRYH.IS,62.40912081082831
OZGYO.IS,TEHOL.IS,62.41250924569306
BRKSN.IS,MERKO.IS,62.65965420681073
BURCE.IS,EUKYO.IS,62.70381840014193
EUYO.IS,GLYHO.IS,62.73330417511511
INVEO.IS,SILVR.IS,62.77377529535988
GLYHO.IS,TEHOL.IS,62.79274997659559
CCOLA.IS,INVEO.IS,62.80994414242741
ANSGR.IS,DURDO.IS,62.926300048303574
BURCE.IS,RYGYO.IS,63.14269218673621
SILVR.IS,USAK.IS,63.1467602577917
HUBVC.IS,LKMNH.IS,63.20734568384182
ESCOM.IS,TUKAS.IS,63.218500966292595
LKMNH.IS,PNSUT.IS,63.22446977732932
FROTO.IS,YAPRK.IS,63.2679584910195
CCOLA.IS,ZEDUR.IS,63.5018730544009
ESCOM.IS,MRGYO.IS,63.51380641852552
RYSAS.IS,TURSG.IS,63.56908613228234
EUKYO.IS,TEHOL.IS,63.62121420716619
AEFES.IS,ESCOM.IS,63.85847228955663
SNPAM.IS,VAKFN.IS,63.89491920868892
AGHOL.IS,OZGYO.IS,63.92164639330076
TEHOL.IS,VAKFN.IS,64.36925917363237
ADEL.IS,YYAPI.IS,64.44849713662802
BOSSA.IS,SARKY.IS,64.46768479956108
ESCOM.IS,VKGYO.IS,64.51953331802349
PNSUT.IS,SNPAM.IS,64.54152946986613
SARKY.IS,TEHOL.IS,64.60006524046844
GEDIK.IS,TKFEN.IS,64.71196990933504
BIMAS.IS,PNSUT.IS,64.7382545652639
DAGI.IS,YUNSA.IS,64.75573112493487
PINSU.IS,RYGYO.IS,64.77025337084842
ADEL.IS,LKMNH.IS,64.94255923956757
FRIGO.IS,GARFA.IS,64.95180506611337
ANSGR.IS,ZEDUR.IS,64.959350808821
HUBVC.IS,PINSU.IS,65.3063748007728
ALGYO.IS,LKMNH.IS,65.31369636501893
ESCOM.IS,YAPRK.IS,65.35706682887644
BIMAS.IS,VAKFN.IS,65.57423253560205
CRDFA.IS,TKFEN.IS,65.57994408069578
KRONT.IS,SARKY.IS,65.78051132444102
DURDO.IS,USAK.IS,65.79986671711163
DAGI.IS,USAK.IS,66.04022461179511
GARFA.IS,PETUN.IS,66.1659508237882
BOSSA.IS,USAK.IS,66.40324130129511
FROTO.IS,USAK.IS,66.47478866885729
AKSA.IS,SAMAT.IS,66.65757582080084
BOSSA.IS,EUKYO.IS,66.91273113714249
BRKSN.IS,BTCIM.IS,67.02586808173965
GARFA.IS,SEKFK.IS,67.12864591756545
ALGYO.IS,BIMAS.IS,67.16045139296921
GLRYH.IS,TKFEN.IS,67.2584523212995
AEFES.IS,BRKSN.IS,67.26774425388544
DESA.IS,SAMAT.IS,67.4147408708792
BIMAS.IS,DYOBY.IS,67.42368421884203
ESCOM.IS,OYAKC.IS,67.4422542553317
PINSU.IS,TEHOL.IS,67.5065139940034
GLRYH.IS,LKMNH.IS,67.5214169266419
EREGL.IS,ESCOM.IS,67.53680824256526
DAGI.IS,ZEDUR.IS,67.5475037673275
BRKSN.IS,ZEDUR.IS,67.6898196162798
FRIGO.IS,RYGYO.IS,67.79133448505979
EUKYO.IS,GLYHO.IS,67.80115559904391
HUBVC.IS,TKFEN.IS,67.80192582964389
BIMAS.IS,VKGYO.IS,68.06489921838363
EREGL.IS,RYGYO.IS,68.10138612880303
ALKA.IS,KRONT.IS,68.14585008876782
HUBVC.IS,MERKO.IS,68.14959469461132
ADEL.IS,AKSA.IS,68.28560369341267
BRKSN.IS,KGYO.IS,68.31956480092981
ALKA.IS,GEREL.IS,68.35012715274775
DAGI.IS,YYAPI.IS,68.59659965869105
EREGL.IS,SNPAM.IS,68.69182399069808
AEFES.IS,SARKY.IS,68.86926396955187
AGHOL.IS,EUKYO.IS,68.89613413446432
GENTS.IS,TEHOL.IS,68.90947333131953
OYAKC.IS,SNPAM.IS,68.96560556794236
BOSSA.IS,KGYO.IS,68.97244861315926
ADEL.IS,ALGYO.IS,69.0212914383875
GEREL.IS,RYGYO.IS,69.03969944476034
DESA.IS,USAK.IS,69.10836272276208
LKMNH.IS,MRGYO.IS,69.20001245543176
AGHOL.IS,SASA.IS,69.2205331143665
AGHOL.IS,TUKAS.IS,69.3196706333157
GLYHO.IS,YUNSA.IS,69.38668834549185
DYOBY.IS,YYAPI.IS,69.38988995659838
DYOBY.IS,LKMNH.IS,69.6520363764439
BURCE.IS,PNSUT.IS,69.65559562274734
ANSGR.IS,GARFA.IS,69.71858192827631
DAGI.IS,INVEO.IS,69.77242466528298
ALKIM.IS,GEREL.IS,69.89618563614283
BTCIM.IS,EUKYO.IS,69.92418664312879
AGHOL.IS,GENTS.IS,69.99165559771654
GEREL.IS,KGYO.IS,70.02574566790281
ESCOM.IS,GEDIK.IS,70.05149044761538
TURSG.IS,ZEDUR.IS,70.08673095428139
ESCOM.IS,SASA.IS,70.0980288227064
BIMAS.IS,BRKSN.IS,70.11441239232408
LKMNH.IS,OZGYO.IS,70.17893612917487
EUYO.IS,USAK.IS,70.26847664974355
ANSGR.IS,INVEO.IS,70.3635712987982
FRIGO.IS,PINSU.IS,70.37992681472588
SEKFK.IS,YYAPI.IS,70.41991776450777
GEDIK.IS,TEHOL.IS,70.4362573383454
AGHOL.IS,GARFA.IS,70.61079263082797
ALKA.IS,BOSSA.IS,70.61197005609586
FRIGO.IS,YYAPI.IS,70.63226318592888
EGPRO.IS,YAPRK.IS,70.633789605213
RYSAS.IS,SILVR.IS,70.68472190213902
BIMAS.IS,ICUGS.IS,70.7317750263403
KRONT.IS,RYSAS.IS,70.80787933956617
ESCOM.IS,LKMNH.IS,70.83712854750411
MERKO.IS,PETUN.IS,70.92377452580558
OZGYO.IS,TKFEN.IS,71.05908910313792
PNSUT.IS,TKFEN.IS,71.07206732676877
ADEL.IS,VAKFN.IS,71.28938394573242
CRDFA.IS,MERKO.IS,71.3287159571064
AKSA.IS,MERKO.IS,71.35423876853861
AGHOL.IS,USAK.IS,71.44328834855776
ALKIM.IS,KRONT.IS,71.45545025205524
OYAKC.IS,RYGYO.IS,71.60244481463997
ALKIM.IS,BOSSA.IS,71.69794520615608
ESCOM.IS,GENTS.IS,71.7049416900818
ALGYO.IS,TKFEN.IS,71.88072210414578
ADEL.IS,EUYO.IS,71.91740132861014
TEHOL.IS,USAK.IS,71.99169009132936
DURDO.IS,TURSG.IS,71.99267590710951
CRDFA.IS,PINSU.IS,72.01339831855012
ESCOM.IS,YYAPI.IS,72.08401719922517
GARFA.IS,PNSUT.IS,72.1174990436898
EGPRO.IS,SAMAT.IS,72.18075458852445
CCOLA.IS,SNPAM.IS,72.26282666079476
BIMAS.IS,GLRYH.IS,72.38125789054254
ARSAN.IS,BTCIM.IS,72.61946147334311
BURCE.IS,EREGL.IS,72.73071060714278
MERKO.IS,SEKFK.IS,72.76473783197434
BTCIM.IS,BURCE.IS,72.8872594936048
BURCE.IS,VAKFN.IS,72.90642549688118
ETYAT.IS,YAPRK.IS,72.99092512190327
PINSU.IS,SEKFK.IS,73.31479697226223
AEFES.IS,KGYO.IS,73.35752336453515
BURCE.IS,DAGI.IS,73.7274478802783
GEREL.IS,YUNSA.IS,73.98624541703725
PETUN.IS,SNPAM.IS,74.00040440687428
ESCOM.IS,SARKY.IS,74.14969633157921
KGYO.IS,KRONT.IS,74.18136020858628
BIMAS.IS,GEDIK.IS,74.19237212368841
EUYO.IS,GARFA.IS,74.20251054753976
EGPRO.IS,RYGYO.IS,74.55947395690305
ADEL.IS,MRGYO.IS,74.63818370838453
TURSG.IS,USAK.IS,74.86239301408102
AEFES.IS,EUKYO.IS,75.17246837669688
BTCIM.IS,ESCOM.IS,75.2613711520379
BTCIM.IS,MERKO.IS,75.36698390539539
ESCOM.IS,TKFEN.IS,75.3856580443769
TEHOL.IS,VKGYO.IS,75.45871853054723
TEHOL.IS,YUNSA.IS,75.74021401960272
BIMAS.IS,OZGYO.IS,75.74495221326879
BRKSN.IS,INVEO.IS,75.81357575081029
BURCE.IS,VKGYO.IS,75.82861049627843
ETYAT.IS,USAK.IS,75.97685172077456
ETYAT.IS,SAMAT.IS,76.07076521634485
GARFA.IS,YAPRK.IS,76.15218857813989
PETUN.IS,PINSU.IS,76.24838689992816
ARSAN.IS,EGPRO.IS,76.30520999797318
CCOLA.IS,SARKY.IS,76.4852032555961
EREGL.IS,MERKO.IS,76.58476262661168
MERKO.IS,VKGYO.IS,76.64949473118509
EUYO.IS,TEHOL.IS,76.71052655699157
ADEL.IS,TUKAS.IS,76.72728101561222
ADEL.IS,GLRYH.IS,76.816446314784
ARSAN.IS,FRIGO.IS,76.87078149470835
DYOBY.IS,TKFEN.IS,76.95432975286417
AEFES.IS,ALKA.IS,76.96376574570047
INVEO.IS,TURSG.IS,77.02909318386776
MERKO.IS,VAKFN.IS,77.09037434778838
DAGI.IS,ESCOM.IS,77.10608088524089
CRDFA.IS,YYAPI.IS,77.16012795864344
MRGYO.IS,TKFEN.IS,77.23277917965811
BURCE.IS,RYSAS.IS,77.23778719385473
ADEL.IS,BTCIM.IS,77.25509299790178
BIMAS.IS,MRGYO.IS,77.55619930317926
DURDO.IS,EUKYO.IS,77.56381695509731
PINSU.IS,RYSAS.IS,77.64408217940218
ADEL.IS,OZGYO.IS,77.67404815974874
DYOBY.IS,MERKO.IS,77.71498569043752
BTCIM.IS,YYAPI.IS,77.75551901921631
HUBVC.IS,YYAPI.IS,77.81041047671795
DYOBY.IS,PINSU.IS,77.92635357580116
ADEL.IS,EREGL.IS,77.98575408870954
SAMAT.IS,USAK.IS,77.98723131257805
GLYHO.IS,ZEDUR.IS,77.99782192073212
DESA.IS,RYGYO.IS,78.20279626000388
EUKYO.IS,PINSU.IS,78.26158911818129
AEFES.IS,ALKIM.IS,78.37051824978619
PETUN.IS,YYAPI.IS,78.45387235864689
GENTS.IS,LKMNH.IS,78.50150608566332
ADEL.IS,VKGYO.IS,78.51312070801339
ADEL.IS,SASA.IS,78.76727547893529
SEKFK.IS,SNPAM.IS,78.84690866507287
GENTS.IS,TKFEN.IS,78.91889841680916
ARSAN.IS,ETYAT.IS,78.97031726904697
AGHOL.IS,SARKY.IS,79.03301235202161
LKMNH.IS,SASA.IS,79.04394574575963
ARSAN.IS,SNGYO.IS,79.09453757442407
AKSA.IS,ARSAN.IS,79.11548996646638
RYGYO.IS,VKGYO.IS,79.18388540206138
AKSA.IS,PINSU.IS,79.27807595305944
BRKSN.IS,SAMAT.IS,79.3888773875874
ALKA.IS,TEHOL.IS,79.49571870050238
LKMNH.IS,TUKAS.IS,79.78281417164055
BRKSN.IS,LKMNH.IS,80.48874153072188
GARFA.IS,GLYHO.IS,80.58340872126587
BRKSN.IS,DAGI.IS,80.67125021679192
ALKA.IS,ESCOM.IS,80.85112978287225
ADEL.IS,GEDIK.IS,80.89129647734251
ICUGS.IS,LKMNH.IS,81.06659246241907
ALKIM.IS,TEHOL.IS,81.13776610057027
BTCIM.IS,PINSU.IS,81.215403951991
BOSSA.IS,YUNSA.IS,81.25541397753159
GLYHO.IS,INVEO.IS,81.27440732523837
BURCE.IS,MRGYO.IS,81.42499133515139
DESA.IS,YAPRK.IS,81.59888008316011
ADEL.IS,TKFEN.IS,81.65148608442564
MERKO.IS,PNSUT.IS,81.769064185714
BURCE.IS,GEDIK.IS,81.81355926089202
ALGYO.IS,BURCE.IS,81.90743484676113
BIMAS.IS,TUKAS.IS,82.17026440559869
EREGL.IS,YYAPI.IS,82.22253637870358
FROTO.IS,RYSAS.IS,82.30686477186532
DAGI.IS,EUKYO.IS,82.35303271100952
BIMAS.IS,USAK.IS,82.40640423553725
BOSSA.IS,GARFA.IS,82.43411298599744
ETYAT.IS,RYGYO.IS,82.54126710137848
LKMNH.IS,TEHOL.IS,82.73724094773695
ADEL.IS,OYAKC.IS,82.85560886799703
DAGI.IS,YAPRK.IS,82.88595622005391
KGYO.IS,TEHOL.IS,83.13660675886968
BOSSA.IS,EUYO.IS,83.2768612076186
ADEL.IS,ARSAN.IS,83.30490884577512
AGHOL.IS,DYOBY.IS,83.38779080746508
FROTO.IS,SAMAT.IS,83.54172245071788
TKFEN.IS,TUKAS.IS,83.58863911887852
ALKIM.IS,ESCOM.IS,83.6458888170855
CCOLA.IS,EUYO.IS,83.7021179260853
RYGYO.IS,SEKFK.IS,83.73525560919256
MERKO.IS,OYAKC.IS,83.96852260758737
CCOLA.IS,SASA.IS,84.03210834351637
RYGYO.IS,VAKFN.IS,84.04772280364705
PETUN.IS,RYGYO.IS,84.13942027496012
ARSAN.IS,DESA.IS,84.19935782696189
TEHOL.IS,YYAPI.IS,84.25012179028477
BIMAS.IS,GENTS.IS,84.49956893580202
GEREL.IS,ZEDUR.IS,84.69822096193263
ADEL.IS,SARKY.IS,84.71332186120833
BURCE.IS,GLRYH.IS,84.84776491143327
GARFA.IS,TEHOL.IS,84.90891664445462
BURCE.IS,OYAKC.IS,85.0231481133269
AKSA.IS,SNPAM.IS,85.31419767956766
BURCE.IS,OZGYO.IS,85.48404106302564
BIMAS.IS,SASA.IS,85.55069430846925
ADEL.IS,GENTS.IS,85.57184627725701
GLRYH.IS,MERKO.IS,85.60851520431027
ARSAN.IS,ESCOM.IS,85.68351434674514
BIMAS.IS,GARFA.IS,85.68923151358376
KRONT.IS,YUNSA.IS,85.82299455282396
OYAKC.IS,YYAPI.IS,85.92348735111898
BURCE.IS,TEHOL.IS,86.08458826129822
AKSA.IS,RYSAS.IS,86.42386172943498
AGHOL.IS,KGYO.IS,86.72922949938118
GARFA.IS,VAKFN.IS,86.73408144310008
PINSU.IS,PNSUT.IS,86.76509030928071
ALGYO.IS,GARFA.IS,86.95804476059527
RALYH.IS,SNGYO.IS,87.29662950190914
AGHOL.IS,ALKA.IS,87.67968828048572
VKGYO.IS,YYAPI.IS,87.73752012973932
GEDIK.IS,RYGYO.IS,87.86686988404983
DURDO.IS,KRONT.IS,88.27274787484555
KGYO.IS,LKMNH.IS,88.37172030235843
GLYHO.IS,ICUGS.IS,88.46713546092428
VAKFN.IS,YYAPI.IS,88.59433188800654
AEFES.IS,YUNSA.IS,88.79404719919137
GEDIK.IS,MERKO.IS,89.2119553793085
KGYO.IS,TKFEN.IS,89.30479330193828
EUKYO.IS,LKMNH.IS,89.36124428856454
BRKSN.IS,YYAPI.IS,89.43601041482111
KRONT.IS,USAK.IS,89.46547351100571
LKMNH.IS,SARKY.IS,89.52601454657247
AGHOL.IS,ALKIM.IS,89.81052122093308
TEHOL.IS,ZEDUR.IS,90.1497564209975
MERKO.IS,OZGYO.IS,90.22673933118472
BURCE.IS,SASA.IS,90.54051452132592
BTCIM.IS,SAMAT.IS,90.54352138735157
FRIGO.IS,SNPAM.IS,90.58333235549753
PNSUT.IS,YYAPI.IS,90.62701237877036
ARSAN.IS,EREGL.IS,90.65796139276131
SASA.IS,TKFEN.IS,90.71434099252087
FRIGO.IS,YAPRK.IS,90.93746893490697
DURDO.IS,TKFEN.IS,90.95057590493684
CRDFA.IS,SNPAM.IS,90.95360200539096
ALGYO.IS,MERKO.IS,91.17062097869655
CRDFA.IS,RYGYO.IS,91.19973691385417
AKSA.IS,GARFA.IS,91.20918818495647
ESCOM.IS,YUNSA.IS,91.2758841282814
GARFA.IS,YYAPI.IS,91.3350583076317
BOSSA.IS,DURDO.IS,91.70399156083647
ALKA.IS,TKFEN.IS,91.80002295553504
AEFES.IS,EUYO.IS,91.81756893818624
BRKSN.IS,YAPRK.IS,91.84905400190223
AEFES.IS,GARFA.IS,91.99581169628846
BRKSN.IS,TKFEN.IS,91.99695686466816
MRGYO.IS,YYAPI.IS,92.0198297193756
ESCOM.IS,KGYO.IS,92.0840063000461
ADEL.IS,DAGI.IS,92.44167570029151
BRKSN.IS,DURDO.IS,92.61002021518232
GARFA.IS,GLRYH.IS,92.63529864480267
GLRYH.IS,RYGYO.IS,92.97924553947985
GARFA.IS,MRGYO.IS,93.05227593065001
ALKA.IS,LKMNH.IS,93.08636636337008
KRONT.IS,ZEDUR.IS,93.31390369714393
GARFA.IS,OZGYO.IS,93.44076636497198
CCOLA.IS,MRGYO.IS,93.52721132045582
GARFA.IS,TUKAS.IS,93.53298303544227
BURCE.IS,TUKAS.IS,93.62959216459603
GEREL.IS,RYSAS.IS,93.65161327520127
BIMAS.IS,EUKYO.IS,93.68895196729773
AKSA.IS,YAPRK.IS,93.70970689077558
ALGYO.IS,RYGYO.IS,93.7206428504935
CCOLA.IS,EUKYO.IS,93.72247287778089
AGHOL.IS,EUYO.IS,93.9917125636374
ALKIM.IS,TKFEN.IS,94.04008617853253
DAGI.IS,PINSU.IS,94.31292436856415
EREGL.IS,PINSU.IS,94.34300669053528
LKMNH.IS,USAK.IS,94.4900212149937
GEREL.IS,INVEO.IS,94.57620846883174
AGHOL.IS,ICUGS.IS,94.6330165262475
SAMAT.IS,SILVR.IS,94.68069346807044
ALKIM.IS,LKMNH.IS,94.84871797378094
EUKYO.IS,YYAPI.IS,94.89767657995412
EUKYO.IS,MERKO.IS,94.90047095160037
ICUGS.IS,PINSU.IS,94.97284798233477
ALKIM.IS,CCOLA.IS,95.10951523163834
GARFA.IS,VKGYO.IS,95.15762803209009
ALGYO.IS,YYAPI.IS,95.26663034836918
ARSAN.IS,OYAKC.IS,95.46330860599903
BIMAS.IS,SARKY.IS,95.5286198185081
ARSAN.IS,SEKFK.IS,95.86621820277696
GEDIK.IS,YYAPI.IS,95.89399660411686
GEREL.IS,USAK.IS,96.0223732344324
ARSAN.IS,PETUN.IS,96.06737097853056
BOSSA.IS,ZEDUR.IS,96.27664295812883
AEFES.IS,DYOBY.IS,96.28860308627259
HUBVC.IS,RYGYO.IS,96.42869714026847
PNSUT.IS,RYGYO.IS,96.46568675476772
ESCOM.IS,ZEDUR.IS,96.5317095585624
BURCE.IS,DYOBY.IS,96.5491389958745
PINSU.IS,VAKFN.IS,96.9722795518087
FRIGO.IS,RYSAS.IS,96.97515364801507
DAGI.IS,TEHOL.IS,97.08008435941622
INVEO.IS,TEHOL.IS,97.2077139456519
GARFA.IS,LKMNH.IS,97.35271589597687
BOSSA.IS,DYOBY.IS,97.97282184008418
ALGYO.IS,PINSU.IS,98.02691853706392
OZGYO.IS,RYGYO.IS,98.07985867607476
HUBVC.IS,YAPRK.IS,98.16495384813288
GARFA.IS,SASA.IS,98.43294213232866
BURCE.IS,SARKY.IS,98.47742484453534
BURCE.IS,GENTS.IS,98.5349809608964
EUKYO.IS,USAK.IS,98.59365792770711
DURDO.IS,GEREL.IS,98.61000540431212
AEFES.IS,DURDO.IS,98.80404161284844
SNPAM.IS,USAK.IS,98.88761864283669
RYSAS.IS,SNGYO.IS,99.18579522715868
ALKA.IS,CCOLA.IS,99.5939857638229
MERKO.IS,MRGYO.IS,99.6141506240076
BIMAS.IS,KGYO.IS,99.63882912457609
AGHOL.IS,YUNSA.IS,99.77023659267024
ARSAN.IS,VKGYO.IS,99.96423921226096
SNGYO.IS,YAPRK.IS,100.12012732079575
GARFA.IS,GENTS.IS,100.14132730920278
SARKY.IS,TKFEN.IS,100.19752613363244
ADEL.IS,ALKA.IS,100.50627002645285
ARSAN.IS,HUBVC.IS,100.57792652866442
HUBVC.IS,SNPAM.IS,100.63617754076131
EREGL.IS,GARFA.IS,100.97322362695468
SAMAT.IS,TEHOL.IS,101.14831307889892
ADEL.IS,YUNSA.IS,101.21481533233282
GARFA.IS,GEDIK.IS,101.22589259100221
MERKO.IS,TUKAS.IS,101.23236594112598
MRGYO.IS,RYGYO.IS,101.30058050478465
OYAKC.IS,PINSU.IS,101.47720420805717
ARSAN.IS,CRDFA.IS,101.48343240656322
ALKA.IS,BIMAS.IS,101.54254944144668
INVEO.IS,KRONT.IS,101.65781522967336
CRDFA.IS,YAPRK.IS,101.69788793675775
ADEL.IS,ALKIM.IS,101.76915903675183
BRKSN.IS,USAK.IS,101.79477172385089
GARFA.IS,OYAKC.IS,101.92464531076155
CCOLA.IS,GENTS.IS,101.99781941874869
EGPRO.IS,RYSAS.IS,102.27135554166966
TKFEN.IS,USAK.IS,102.39941470382178
ARSAN.IS,VAKFN.IS,102.7944781465252
GENTS.IS,MERKO.IS,102.8517614502806
BURCE.IS,EUYO.IS,102.89293516432485
PINSU.IS,VKGYO.IS,102.95176613818785
BOSSA.IS,INVEO.IS,103.05185640707214
BTCIM.IS,RYSAS.IS,103.08440789282463
OZGYO.IS,YYAPI.IS,103.14196970027365
GLRYH.IS,YYAPI.IS,103.30909082788185
GARFA.IS,SARKY.IS,103.49475342554672
CCOLA.IS,TUKAS.IS,103.60688849376533
ANSGR.IS,SAMAT.IS,103.81489538877713
GENTS.IS,RYGYO.IS,103.82943230719252
ALKIM.IS,BIMAS.IS,103.93293490393171
CCOLA.IS,PNSUT.IS,104.11382965710834
AEFES.IS,ICUGS.IS,104.14811492764511
LINK.IS,YAPRK.IS,104.21367339213725
OYAKC.IS,RYSAS.IS,104.44927700730989
ICUGS.IS,KRONT.IS,104.76126673308318
AEFES.IS,ZEDUR.IS,104.7919361210727
CCOLA.IS,KGYO.IS,105.27760347442961
RYGYO.IS,USAK.IS,105.37545566231233
DESA.IS,RYSAS.IS,105.38590427778377
LINK.IS,RALYH.IS,105.71885861585679
GLRYH.IS,PINSU.IS,105.9065654969935
ADEL.IS,KGYO.IS,106.4291772501997
SEKFK.IS,YAPRK.IS,106.52210571933392
GARFA.IS,TKFEN.IS,106.60163880250093
ICUGS.IS,YYAPI.IS,106.77039062946687
DURDO.IS,LKMNH.IS,106.81868700109464
BTCIM.IS,SNPAM.IS,106.85557565587885
EREGL.IS,RYSAS.IS,106.90257903346333
BOSSA.IS,ICUGS.IS,106.97547985928622
BTCIM.IS,YAPRK.IS,107.15158833362011
ALGYO.IS,CCOLA.IS,107.4353399462434
PETUN.IS,YAPRK.IS,107.51698006254037
ESCOM.IS,INVEO.IS,107.73729145459686
SASA.IS,YYAPI.IS,107.80951065984834
ETYAT.IS,RYSAS.IS,108.00210994775307
MRGYO.IS,PINSU.IS,108.08362561639933
SAMAT.IS,TURSG.IS,108.30686786734816
EUYO.IS,LKMNH.IS,108.73004320378186
OZGYO.IS,PINSU.IS,108.93621590299199
ADEL.IS,RYGYO.IS,109.4478234842527
CCOLA.IS,OZGYO.IS,109.72205505292862
ARSAN.IS,PNSUT.IS,109.89201414414538
AEFES.IS,INVEO.IS,109.91478514228504
ICUGS.IS,LINK.IS,110.01254412638309
CCOLA.IS,SEKFK.IS,110.13655740836691
MERKO.IS,SASA.IS,110.2384603501157
GEDIK.IS,PINSU.IS,110.25653302170474
RYSAS.IS,VKGYO.IS,110.25890219470011
EUKYO.IS,TKFEN.IS,110.2987169537812
CCOLA.IS,CRDFA.IS,110.72491155948057
ADEL.IS,ZEDUR.IS,110.77537674704729
RYGYO.IS,TUKAS.IS,110.99464785760256
ALKIM.IS,BURCE.IS,111.28441943110465
ESCOM.IS,RYGYO.IS,111.29759839495387
DESA.IS,SNPAM.IS,111.40092131587244
AGHOL.IS,DURDO.IS,111.5007113277336
ARSAN.IS,BRKSN.IS,111.55632564132293
LKMNH.IS,YUNSA.IS,111.71906287495267
ALKA.IS,BURCE.IS,111.72598095284798
EUYO.IS,TKFEN.IS,111.73138417528514
ARSAN.IS,GEDIK.IS,111.88787567139184
BURCE.IS,KGYO.IS,111.90108051387722
ARSAN.IS,GLRYH.IS,111.93782971078599
EUYO.IS,MERKO.IS,112.04971202245815
DURDO.IS,ESCOM.IS,112.16698027164784
CCOLA.IS,GEDIK.IS,112.23818571040982
ARSAN.IS,GARFA.IS,112.43651090513345
BTCIM.IS,GARFA.IS,112.45385628800614
GENTS.IS,YYAPI.IS,112.61519831450039
TEHOL.IS,TKFEN.IS,112.63987014983877
TUKAS.IS,YYAPI.IS,113.012257670189
ALGYO.IS,ARSAN.IS,113.11784292906918
DYOBY.IS,GLYHO.IS,113.14394211808712
EUKYO.IS,SNPAM.IS,113.28508508343668
PINSU.IS,TUKAS.IS,113.38124233002327
BIMAS.IS,EUYO.IS,113.53012369506303
DAGI.IS,GARFA.IS,113.53595304948112
BURCE.IS,ICUGS.IS,114.1133067173489
ALKA.IS,GARFA.IS,114.64814910175585
RYGYO.IS,SASA.IS,114.78172402785219
CCOLA.IS,PETUN.IS,114.95553210822493
TEHOL.IS,YAPRK.IS,115.04543750295784
ALKA.IS,MERKO.IS,115.30261145031989
PINSU.IS,SASA.IS,115.5556875735806
AGHOL.IS,ZEDUR.IS,115.68888544573531
KGYO.IS,RYGYO.IS,115.79445342967529
KGYO.IS,MERKO.IS,115.83898331111709
RYGYO.IS,SNGYO.IS,115.90780391828389
RYGYO.IS,TEHOL.IS,116.33297048339682
EREGL.IS,YAPRK.IS,116.38074338776983
DAGI.IS,SAMAT.IS,116.46249558450575
OYAKC.IS,YAPRK.IS,116.5038057846267
RYSAS.IS,VAKFN.IS,116.97245740823928
MERKO.IS,SARKY.IS,117.0363395530685
GEREL.IS,SAMAT.IS,117.08933635593621
ARSAN.IS,OZGYO.IS,117.1571749473461
CCOLA.IS,VAKFN.IS,117.51402555500493
ALKIM.IS,GARFA.IS,117.53828818294812
ICUGS.IS,SILVR.IS,117.5909462331972
CCOLA.IS,HUBVC.IS,117.71210097849348
ALKIM.IS,MERKO.IS,117.73265742029503
MERKO.IS,TEHOL.IS,117.77613336772174
ARSAN.IS,LINK.IS,117.81962296333995
ARSAN.IS,TEHOL.IS,117.83118940787563
BURCE.IS,YUNSA.IS,118.04562143103237
CCOLA.IS,GLRYH.IS,118.15741830267564
ESCOM.IS,SAMAT.IS,118.70649274003813
GENTS.IS,PINSU.IS,119.13675726443967
DAGI.IS,ICUGS.IS,119.23515599235247
GARFA.IS,YUNSA.IS,119.57707341739342
PETUN.IS,RYSAS.IS,119.59624010975608
DYOBY.IS,KRONT.IS,120.22632018410332
BIMAS.IS,YUNSA.IS,120.26232486211302
VAKFN.IS,YAPRK.IS,120.2669844623133
EUKYO.IS,YAPRK.IS,120.27313464714052
ALKA.IS,RYGYO.IS,120.50552919827999
RYSAS.IS,SEKFK.IS,120.71554561060486
VKGYO.IS,YAPRK.IS,120.85520947565271
ESCOM.IS,USAK.IS,121.69343012554066
CRDFA.IS,RYSAS.IS,121.74739354185431
EUYO.IS,PINSU.IS,121.9018271993915
DAGI.IS,SNPAM.IS,122.21820977757079
PNSUT.IS,YAPRK.IS,122.59499692506438
AGHOL.IS,INVEO.IS,123.01722966281227
ARSAN.IS,MRGYO.IS,123.13953158112679
GLYHO.IS,SAMAT.IS,123.14776346179735
CCOLA.IS,DESA.IS,123.2714129423457
GEDIK.IS,RYSAS.IS,123.68963973358734
FROTO.IS,SNPAM.IS,123.76774220043376
TKFEN.IS,YUNSA.IS,123.80967038178892
SARKY.IS,YYAPI.IS,124.08190132885954
ADEL.IS,INVEO.IS,124.44554492249063
ALKIM.IS,RYGYO.IS,124.61398274691362
ETYAT.IS,SNPAM.IS,124.78359972904241
EGPRO.IS,SNPAM.IS,124.87983122894491
GARFA.IS,ZEDUR.IS,124.89420204943656
LINK.IS,PINSU.IS,124.90671771691814
USAK.IS,YYAPI.IS,124.9820686611713
PINSU.IS,SARKY.IS,125.85567679483825
CCOLA.IS,VKGYO.IS,125.86885911672823
BRKSN.IS,RYGYO.IS,125.93322542528881
CCOLA.IS,DURDO.IS,126.04389695497116
GARFA.IS,KGYO.IS,126.08308813923588
LKMNH.IS,ZEDUR.IS,126.09163009578958
DURDO.IS,RYGYO.IS,126.49920200871918
RYGYO.IS,SARKY.IS,126.80066980367656
BIMAS.IS,DURDO.IS,126.80988668133375
DURDO.IS,MERKO.IS,126.85081340585828
ADEL.IS,RYSAS.IS,127.40539201748379
HUBVC.IS,RYSAS.IS,127.4488616216754
ESCOM.IS,RYSAS.IS,127.52353663654208
KRONT.IS,SAMAT.IS,127.6944042949583
ARSAN.IS,GENTS.IS,129.10850349686007
ARSAN.IS,TUKAS.IS,129.22496368151383
DURDO.IS,TEHOL.IS,129.36544809404552
ADEL.IS,USAK.IS,129.5012919959869
ALKA.IS,YYAPI.IS,130.35350406100054
ALGYO.IS,YAPRK.IS,130.40219935420384
SILVR.IS,SNPAM.IS,130.5178265561393
GLRYH.IS,RYSAS.IS,130.80392956370088
DYOBY.IS,RALYH.IS,131.0565461576175
GLRYH.IS,YAPRK.IS,132.04209687500452
KGYO.IS,YYAPI.IS,132.11329921125127
ALKIM.IS,YYAPI.IS,132.1682061056017
BURCE.IS,ZEDUR.IS,132.6351447193208
CCOLA.IS,EREGL.IS,132.76134511888586
DYOBY.IS,TURSG.IS,132.78877717267778
GEDIK.IS,YAPRK.IS,133.03652279585526
TKFEN.IS,ZEDUR.IS,133.27836176307358
INVEO.IS,LKMNH.IS,133.36727937071532
ALGYO.IS,RYSAS.IS,134.41486379338562
DYOBY.IS,GEREL.IS,134.44406073433106
PNSUT.IS,RYSAS.IS,135.31720204867065
ADEL.IS,DURDO.IS,135.51031028042303
EUYO.IS,YYAPI.IS,135.7114196985848
BURCE.IS,DURDO.IS,135.9865289486188
OZGYO.IS,RYSAS.IS,136.3749206592164
SNGYO.IS,TKFEN.IS,136.51074674983488
AKSA.IS,CCOLA.IS,136.5110773924087
BIMAS.IS,ZEDUR.IS,137.07958091692217
ANSGR.IS,DYOBY.IS,137.1926170667789
ARSAN.IS,USAK.IS,137.4304365361702
ICUGS.IS,TURSG.IS,137.62046087602062
ADEL.IS,SAMAT.IS,137.64451792121406
CCOLA.IS,OYAKC.IS,137.70258980591126
GEREL.IS,ICUGS.IS,137.71889201642034
INVEO.IS,TKFEN.IS,137.8231457813606
MRGYO.IS,RYSAS.IS,137.99781543572476
OZGYO.IS,YAPRK.IS,138.04069273337564
MRGYO.IS,YAPRK.IS,138.29543938763277
ARSAN.IS,SASA.IS,138.4321477745816
BIMAS.IS,SNGYO.IS,138.4893491525254
GARFA.IS,INVEO.IS,138.68499808813328
ALKA.IS,PINSU.IS,138.84033789810917
FROTO.IS,ICUGS.IS,138.98831631078724
BURCE.IS,USAK.IS,139.34266198859427
ANSGR.IS,SNPAM.IS,139.35919662183585
YUNSA.IS,YYAPI.IS,139.6808352429548
BIMAS.IS,LINK.IS,139.94303915987166
ANSGR.IS,ICUGS.IS,140.01335447404063
CCOLA.IS,EGPRO.IS,140.03075099639136
CCOLA.IS,FRIGO.IS,140.24750216884024
BOSSA.IS,SAMAT.IS,140.35460702157616
EUKYO.IS,RYGYO.IS,140.51972403734715
DYOBY.IS,SILVR.IS,141.03313809841757
GENTS.IS,RYSAS.IS,142.39768888603203
ALKIM.IS,PINSU.IS,142.642393706735
KGYO.IS,PINSU.IS,142.6542833411113
PINSU.IS,USAK.IS,142.9558939517416
MERKO.IS,SNGYO.IS,143.08712411661236
BURCE.IS,INVEO.IS,143.52630894512276
ARSAN.IS,EUKYO.IS,143.60768233991598
ARSAN.IS,KGYO.IS,143.8775541492339
BIMAS.IS,INVEO.IS,143.8917814804338
BRKSN.IS,CCOLA.IS,144.2735149236338
GARFA.IS,RYGYO.IS,144.57912257009002
GARFA.IS,SAMAT.IS,144.60143489458414
MERKO.IS,YUNSA.IS,145.13960376481862
ALKA.IS,ARSAN.IS,146.70031404669692
CCOLA.IS,ETYAT.IS,146.791041007883
GENTS.IS,YAPRK.IS,146.95318196884432
AEFES.IS,SAMAT.IS,147.44594008384377
LKMNH.IS,SNGYO.IS,147.61729033424126
BTCIM.IS,ICUGS.IS,147.8634563702185
TUKAS.IS,YAPRK.IS,149.08847526615284
DURDO.IS,GARFA.IS,149.40969528675384
EUYO.IS,RYGYO.IS,149.41274548657975
MERKO.IS,USAK.IS,149.57244660352433
ALKIM.IS,ARSAN.IS,150.17027821986915
GLYHO.IS,SNPAM.IS,150.32748030006223
ARSAN.IS,SARKY.IS,150.92164571124692
PINSU.IS,YUNSA.IS,151.15069121936688
SNPAM.IS,TURSG.IS,151.3979357897066
MERKO.IS,ZEDUR.IS,152.50511510504725
BRKSN.IS,RYSAS.IS,152.54205730316926
RYSAS.IS,TUKAS.IS,153.0671744311819
RYSAS.IS,TEHOL.IS,153.15749100327844
ADEL.IS,DYOBY.IS,153.30312084301477
RYGYO.IS,YUNSA.IS,153.4649473871915
DURDO.IS,YYAPI.IS,153.5147294659307
ESCOM.IS,ICUGS.IS,153.7585417161099
BRKSN.IS,SNPAM.IS,154.48103951127297
SASA.IS,YAPRK.IS,154.54876816502997
GARFA.IS,RYSAS.IS,155.70419476765596
DYOBY.IS,FROTO.IS,155.86357500960617
FRIGO.IS,ICUGS.IS,156.11116128011895
CCOLA.IS,FROTO.IS,156.40557110667316
ADEL.IS,ICUGS.IS,156.5108985375905
SNGYO.IS,YYAPI.IS,156.8903319244855
DAGI.IS,DYOBY.IS,157.42573939799854
YYAPI.IS,ZEDUR.IS,157.63292699062788
PINSU.IS,SNGYO.IS,157.84491780429153
CCOLA.IS,USAK.IS,157.92042140301135
RYSAS.IS,SASA.IS,157.98887474986782
RYSAS.IS,USAK.IS,158.1746075610829
ARSAN.IS,DURDO.IS,158.3745583309833
GARFA.IS,USAK.IS,159.6400421537179
KGYO.IS,RYSAS.IS,159.7338874810962
AGHOL.IS,SAMAT.IS,159.83463532496978
ALKA.IS,RYSAS.IS,160.31451507599002
ETYAT.IS,ICUGS.IS,160.38413195330145
EGPRO.IS,ICUGS.IS,160.78793455053892
LINK.IS,YYAPI.IS,161.01111106695862
EUYO.IS,YAPRK.IS,161.23557170119807
INVEO.IS,MERKO.IS,161.56446110214983
AGHOL.IS,LINK.IS,161.95989426348024
DURDO.IS,RYSAS.IS,162.41370283834294
ARSAN.IS,EUYO.IS,162.95878192841133
LINK.IS,RYSAS.IS,163.32453181909614
LINK.IS,RYGYO.IS,165.47291105659247
AGHOL.IS,SNGYO.IS,165.52159787557162
ANSGR.IS,CCOLA.IS,166.66081549062153
ALKIM.IS,RYSAS.IS,166.7583516318664
ALKA.IS,YAPRK.IS,167.08758120689595
EUKYO.IS,RYSAS.IS,167.7619021931148
PINSU.IS,ZEDUR.IS,167.82820945930223
SARKY.IS,YAPRK.IS,168.63567339301278
RYGYO.IS,ZEDUR.IS,168.66012130683987
AKSA.IS,ICUGS.IS,170.916776608085
INVEO.IS,YYAPI.IS,171.10545780920268
CCOLA.IS,TURSG.IS,171.1602556253374
USAK.IS,YAPRK.IS,171.2265333529249
DYOBY.IS,ESCOM.IS,172.21041671124294
SNPAM.IS,TEHOL.IS,172.77140213824788
INVEO.IS,RYGYO.IS,172.86042680121363
KGYO.IS,YAPRK.IS,173.68608455433662
BTCIM.IS,DYOBY.IS,173.88476226819876
LINK.IS,MERKO.IS,173.8875723797687
RYSAS.IS,SARKY.IS,174.3291482123127
ALKIM.IS,YAPRK.IS,174.38680329087572
GEREL.IS,SNPAM.IS,175.41923856048203
LINK.IS,LKMNH.IS,175.65501288649216
DURDO.IS,PINSU.IS,175.94177622328152
DYOBY.IS,EGPRO.IS,175.96687508983587
DYOBY.IS,ETYAT.IS,178.03176909901958
EREGL.IS,ICUGS.IS,178.05135384610094
DESA.IS,ICUGS.IS,178.39406682644312
BURCE.IS,SAMAT.IS,180.20215576432508
ICUGS.IS,OYAKC.IS,180.25054882931613
AEFES.IS,SNGYO.IS,180.48744428339728
CCOLA.IS,SILVR.IS,180.91629550836797
INVEO.IS,PINSU.IS,180.9270977421861
ARSAN.IS,YUNSA.IS,181.480891054783
BOSSA.IS,SNPAM.IS,182.27654157707047
GARFA.IS,ICUGS.IS,182.61482296909844
LKMNH.IS,SAMAT.IS,183.72262950168567
BIMAS.IS,SAMAT.IS,184.20375695507937
EUYO.IS,RYSAS.IS,185.22105888028238
AEFES.IS,LINK.IS,185.286938224898
CCOLA.IS,TEHOL.IS,185.77984743267075
DESA.IS,DYOBY.IS,186.44670943777282
BURCE.IS,LINK.IS,186.64764546752258
ICUGS.IS,PETUN.IS,187.25020274542635
ICUGS.IS,VKGYO.IS,187.99780091772823
HUBVC.IS,ICUGS.IS,188.06954021289857
BOSSA.IS,SNGYO.IS,189.14161155111924
AKSA.IS,DYOBY.IS,189.1633134654537
BTCIM.IS,CCOLA.IS,189.80228724301503
KRONT.IS,SNPAM.IS,190.40993466534724
AEFES.IS,SNPAM.IS,190.54952095560202
DURDO.IS,YAPRK.IS,190.99023129825468
CCOLA.IS,GEREL.IS,191.44149589904043
ICUGS.IS,SEKFK.IS,191.4695300418946
DYOBY.IS,FRIGO.IS,191.54333685747156
DYOBY.IS,GARFA.IS,192.1481972015995
ICUGS.IS,VAKFN.IS,192.21920602768114
BURCE.IS,SNGYO.IS,193.52579362722963
SAMAT.IS,TKFEN.IS,193.52853917487437
BRKSN.IS,ICUGS.IS,194.32698153202546
ARSAN.IS,ZEDUR.IS,195.77324329453006
LINK.IS,TKFEN.IS,196.2419762930058
CRDFA.IS,ICUGS.IS,196.79257081642595
GLYHO.IS,SNGYO.IS,197.3245191131084
YAPRK.IS,YUNSA.IS,197.739440469579
BOSSA.IS,LINK.IS,198.6168505533742
ESCOM.IS,SNPAM.IS,198.68262778540202
GLRYH.IS,ICUGS.IS,199.2397794499493
RYSAS.IS,YUNSA.IS,200.5531397802631
CCOLA.IS,ESCOM.IS,201.32640211017087
ARSAN.IS,INVEO.IS,203.9349894606919
ICUGS.IS,PNSUT.IS,204.28934666065788
KRONT.IS,SNGYO.IS,204.88406214045563
KRONT.IS,LINK.IS,206.08530418153896
ICUGS.IS,TEHOL.IS,206.69863090622312
ALGYO.IS,ICUGS.IS,207.12827764981057
GEDIK.IS,ICUGS.IS,207.94345299907081
ADEL.IS,CCOLA.IS,208.49111183494676
MERKO.IS,SAMAT.IS,208.61596476175396
ICUGS.IS,OZGYO.IS,208.8995983312193
PINSU.IS,SAMAT.IS,208.97992948093145
DYOBY.IS,TEHOL.IS,210.2230200058857
ICUGS.IS,RALYH.IS,211.90957885076114
DYOBY.IS,SEKFK.IS,212.10528216494504
YAPRK.IS,ZEDUR.IS,212.25217008527522
DYOBY.IS,EREGL.IS,212.43643724739218
AGHOL.IS,SNPAM.IS,212.92835157577025
CCOLA.IS,GARFA.IS,213.05834387901632
RYSAS.IS,ZEDUR.IS,214.31687750370804
CCOLA.IS,KRONT.IS,215.45594582259514
SAMAT.IS,YYAPI.IS,215.53760426219242
DYOBY.IS,PETUN.IS,216.17867436559595
BRKSN.IS,DYOBY.IS,216.2133709141076
LKMNH.IS,SNPAM.IS,216.33394428485366
CRDFA.IS,DYOBY.IS,216.3964143795772
DYOBY.IS,HUBVC.IS,218.32672176474648
ADEL.IS,SNPAM.IS,219.28736721316386
CCOLA.IS,DAGI.IS,220.06451932839417
SNPAM.IS,TKFEN.IS,220.34033723695092
DYOBY.IS,OYAKC.IS,220.72811196218981
INVEO.IS,RYSAS.IS,222.21412015211968
ADEL.IS,LINK.IS,222.69161270993618
ICUGS.IS,TUKAS.IS,222.93584682635492
GENTS.IS,ICUGS.IS,223.89290719585006
CCOLA.IS,GLYHO.IS,224.4637427242377
BOSSA.IS,CCOLA.IS,225.1185807708481
GEREL.IS,LINK.IS,225.46203037668374
INVEO.IS,YAPRK.IS,225.89989130437277
DYOBY.IS,VKGYO.IS,226.9920619659472
ICUGS.IS,USAK.IS,227.64208085511916
ICUGS.IS,MRGYO.IS,227.85450333065387
GLYHO.IS,LINK.IS,230.2849872741417
DYOBY.IS,VAKFN.IS,231.5815947775609
RYGYO.IS,SAMAT.IS,233.7361259255539
AEFES.IS,CCOLA.IS,233.7877211611659
SILVR.IS,SNGYO.IS,236.5213008669093
DYOBY.IS,PNSUT.IS,237.42801232137185
GARFA.IS,SNPAM.IS,237.90941089118576
BIMAS.IS,SNPAM.IS,238.05970083117074
SNGYO.IS,TURSG.IS,239.05031470596919
BURCE.IS,SNPAM.IS,240.52064032791952
ICUGS.IS,KGYO.IS,241.22583954981314
GEREL.IS,SNGYO.IS,241.54568277561816
AGHOL.IS,CCOLA.IS,242.03531312893983
DYOBY.IS,GEDIK.IS,242.0397046552048
ANSGR.IS,SNGYO.IS,242.17211821065075
LINK.IS,TURSG.IS,242.71352752282974
ALKA.IS,ICUGS.IS,243.2161006946967
ALGYO.IS,DYOBY.IS,243.64834305850536
DAGI.IS,SNGYO.IS,243.8562439170712
ICUGS.IS,SASA.IS,246.5344342060598
DYOBY.IS,GLRYH.IS,246.68394131453033
BURCE.IS,CCOLA.IS,246.7481651298001
DURDO.IS,ICUGS.IS,248.37708555013728
ALKIM.IS,ICUGS.IS,249.54077993675855
ESCOM.IS,LINK.IS,250.52554466387937
DYOBY.IS,OZGYO.IS,252.9837911990603
ANSGR.IS,LINK.IS,253.63086835908302
DYOBY.IS,MRGYO.IS,254.6615445046666
EUKYO.IS,ICUGS.IS,256.902091085449
DYOBY.IS,EUKYO.IS,257.4888288829404
RYGYO.IS,SNPAM.IS,257.6940861454465
GARFA.IS,LINK.IS,258.5981693328679
LINK.IS,SILVR.IS,258.9918687120935
MERKO.IS,SNPAM.IS,259.110965504659
ICUGS.IS,SARKY.IS,260.1172785091352
FROTO.IS,SNGYO.IS,261.35995897122575
ADEL.IS,SNGYO.IS,262.824220317239
ARSAN.IS,SAMAT.IS,263.08380664127174
DYOBY.IS,USAK.IS,263.79743210269385
ARSAN.IS,RALYH.IS,264.16657716539794
EUYO.IS,ICUGS.IS,264.592410974775
DYOBY.IS,TUKAS.IS,268.3362443618598
DYOBY.IS,GENTS.IS,269.7047352130953
SNPAM.IS,YYAPI.IS,269.7646735238874
FROTO.IS,LINK.IS,271.36781489492296
RALYH.IS,YAPRK.IS,272.9209092360652
SAMAT.IS,YAPRK.IS,273.02179982888606
ESCOM.IS,SNGYO.IS,274.70340274920136
CCOLA.IS,LKMNH.IS,275.18179652125025
EGPRO.IS,LINK.IS,275.70179406543093
DYOBY.IS,SASA.IS,275.74159262013654
LINK.IS,TEHOL.IS,277.71437534961274
BTCIM.IS,SNGYO.IS,280.2617126736875
BIMAS.IS,CCOLA.IS,286.0809482181144
EGPRO.IS,SNGYO.IS,286.47284966156235
RALYH.IS,RYSAS.IS,287.7190398270377
RYSAS.IS,SAMAT.IS,289.287681408042
ETYAT.IS,LINK.IS,289.831613409121
CCOLA.IS,YYAPI.IS,290.13586981269646
DYOBY.IS,KGYO.IS,290.9788631298245
ETYAT.IS,SNGYO.IS,292.9991660187188
PINSU.IS,SNPAM.IS,293.56984473007253
CCOLA.IS,PINSU.IS,294.1830790042693
DYOBY.IS,SARKY.IS,296.01792580873666
ALKA.IS,DYOBY.IS,297.0414256609506
FRIGO.IS,SNGYO.IS,297.6363923632148
BRKSN.IS,LINK.IS,297.92377741104247
GARFA.IS,SNGYO.IS,300.3800737936481
ALKIM.IS,DYOBY.IS,300.9233738679427
BTCIM.IS,LINK.IS,301.0761799288505
AKSA.IS,SNGYO.IS,301.85597010941956
DESA.IS,LINK.IS,301.931143085563
ICUGS.IS,YUNSA.IS,302.74204224913433
CCOLA.IS,TKFEN.IS,303.50864542286513
ARSAN.IS,SNPAM.IS,306.8999874974884
DESA.IS,SNGYO.IS,307.2389860969297
DYOBY.IS,EUYO.IS,310.9939933783735
DURDO.IS,DYOBY.IS,312.7722929211941
ICUGS.IS,ZEDUR.IS,314.2879541622676
DAGI.IS,LINK.IS,316.77779553333744
RYSAS.IS,SNPAM.IS,317.71307617064576
CCOLA.IS,MERKO.IS,317.8860022900577
ICUGS.IS,INVEO.IS,322.0377542259009
FRIGO.IS,LINK.IS,322.58619737352547
RALYH.IS,RYGYO.IS,322.8549911889313
EREGL.IS,SNGYO.IS,323.25414866342135
AKSA.IS,LINK.IS,326.1349088949728
HUBVC.IS,LINK.IS,326.80390667043
SNGYO.IS,TEHOL.IS,328.04038739314274
OYAKC.IS,SNGYO.IS,330.15001879025635
BRKSN.IS,SNGYO.IS,333.8338752425027
DYOBY.IS,YUNSA.IS,334.2402267236698
HUBVC.IS,SNGYO.IS,334.5756387697825
SEKFK.IS,SNGYO.IS,335.17500692468525
PETUN.IS,SNGYO.IS,336.11909872000115
CRDFA.IS,SNGYO.IS,338.5756130646969
LINK.IS,SEKFK.IS,338.9406689354573
CRDFA.IS,LINK.IS,339.33368143939947
SNGYO.IS,VKGYO.IS,341.9482740574863
RALYH.IS,YYAPI.IS,343.0410881770308
SNPAM.IS,YAPRK.IS,343.08491294294174
BIMAS.IS,RALYH.IS,343.79423351790683
CCOLA.IS,RYGYO.IS,343.8482389650327
PINSU.IS,RALYH.IS,345.1564410283413
LINK.IS,PETUN.IS,346.6670576013057
SNGYO.IS,VAKFN.IS,348.6431059142119
EREGL.IS,LINK.IS,355.10869763488813
DYOBY.IS,ZEDUR.IS,356.1724406792712
PNSUT.IS,SNGYO.IS,361.6726639482156
LKMNH.IS,RALYH.IS,363.50220978392895
GLRYH.IS,SNGYO.IS,363.9837965188799
ALGYO.IS,SNGYO.IS,365.0733087261426
LINK.IS,OYAKC.IS,365.7535521622849
GEDIK.IS,SNGYO.IS,365.83063992844063
LINK.IS,PNSUT.IS,368.6190111887745
DYOBY.IS,INVEO.IS,371.260274423445
SNGYO.IS,USAK.IS,372.4300309489213
EUKYO.IS,LINK.IS,373.3880797117049
CCOLA.IS,YAPRK.IS,373.7748767311689
OZGYO.IS,SNGYO.IS,374.6336980866679
MERKO.IS,RALYH.IS,376.927020152928
LINK.IS,VAKFN.IS,377.7244263115481
RALYH.IS,TKFEN.IS,378.10536288556204
ALGYO.IS,LINK.IS,380.000601327338
LINK.IS,USAK.IS,382.40597179851306
LINK.IS,VKGYO.IS,385.35645024034784
AGHOL.IS,RALYH.IS,385.92443406666143
MRGYO.IS,SNGYO.IS,386.6552392147662
ARSAN.IS,CCOLA.IS,388.31096217212803
GLRYH.IS,LINK.IS,391.3572370596603
GENTS.IS,SNGYO.IS,393.2514214711189
ICUGS.IS,SAMAT.IS,393.7380399828819
SNGYO.IS,TUKAS.IS,394.23384648284036
GEDIK.IS,LINK.IS,401.07201214378506
LINK.IS,OZGYO.IS,402.18827856626103
EUKYO.IS,SNGYO.IS,402.77746772715045
CCOLA.IS,RYSAS.IS,403.6813417704094
LINK.IS,MRGYO.IS,406.36474527011364
AEFES.IS,RALYH.IS,408.50895035448866
BURCE.IS,RALYH.IS,411.5865345111897
SASA.IS,SNGYO.IS,412.25524732162717
LINK.IS,TUKAS.IS,413.25837843249883
BOSSA.IS,RALYH.IS,418.77470496968635
KGYO.IS,SNGYO.IS,419.3936471452371
GENTS.IS,LINK.IS,420.4679760112258
ALKA.IS,SNGYO.IS,425.18059376689644
LINK.IS,SASA.IS,425.7745091831257
ALKIM.IS,SNGYO.IS,432.4683971277145
DURDO.IS,SNGYO.IS,433.0743378781915
SARKY.IS,SNGYO.IS,433.94254108861674
ICUGS.IS,SNPAM.IS,441.5671369252433
LINK.IS,SARKY.IS,442.8961647001554
DYOBY.IS,SAMAT.IS,445.3776234317447
EUYO.IS,SNGYO.IS,448.76462487773006
EUYO.IS,LINK.IS,454.300549670138
GLYHO.IS,RALYH.IS,457.2728341232166
ALKA.IS,LINK.IS,458.57236270654994
KGYO.IS,LINK.IS,459.90324934301475
KRONT.IS,RALYH.IS,463.46363915116626
ALKIM.IS,LINK.IS,467.4295976941098
GEREL.IS,RALYH.IS,481.01812330731855
SNGYO.IS,YUNSA.IS,486.2639770936182
RALYH.IS,TURSG.IS,491.1746927816157
ADEL.IS,RALYH.IS,496.1866017921352
LINK.IS,YUNSA.IS,497.70908323873573
ANSGR.IS,RALYH.IS,502.6107061555888
DURDO.IS,LINK.IS,504.62630509399105
DYOBY.IS,SNPAM.IS,505.6756375192035
SNGYO.IS,ZEDUR.IS,509.3396415549498
RALYH.IS,SILVR.IS,514.645469097994
INVEO.IS,SNGYO.IS,521.7597521241426
LINK.IS,ZEDUR.IS,529.4343584962273
DAGI.IS,RALYH.IS,537.6008791112581
ESCOM.IS,RALYH.IS,538.2138569117328
FROTO.IS,RALYH.IS,541.227351908286
INVEO.IS,LINK.IS,544.6691509223224
BTCIM.IS,RALYH.IS,549.3024184681954
GARFA.IS,RALYH.IS,555.4545439014742
RALYH.IS,TEHOL.IS,565.0418468125399
EGPRO.IS,RALYH.IS,567.9828245961244
CCOLA.IS,ICUGS.IS,569.7079827815314
ETYAT.IS,RALYH.IS,575.8791183037024
CCOLA.IS,DYOBY.IS,584.9722908462126
DESA.IS,RALYH.IS,592.99863433304
AKSA.IS,RALYH.IS,599.0902561767507
LINK.IS,SAMAT.IS,601.2098469230452
SAMAT.IS,SNGYO.IS,607.599556697627
FRIGO.IS,RALYH.IS,608.2527122477622
BRKSN.IS,RALYH.IS,620.2149269465303
RALYH.IS,SEKFK.IS,641.0112255805348
EREGL.IS,RALYH.IS,641.4814637327725
CRDFA.IS,RALYH.IS,643.7492380782828
PETUN.IS,RALYH.IS,645.6347866758526
HUBVC.IS,RALYH.IS,645.9287137944507
OYAKC.IS,RALYH.IS,652.3491947679927
RALYH.IS,VKGYO.IS,671.4355166160308
RALYH.IS,VAKFN.IS,676.7935581915781
SNGYO.IS,SNPAM.IS,676.8212737213099
PNSUT.IS,RALYH.IS,681.1395569129922
ALGYO.IS,RALYH.IS,691.3378469644117
RALYH.IS,USAK.IS,694.8645705342101
GEDIK.IS,RALYH.IS,696.1156637925935
GLRYH.IS,RALYH.IS,697.0984669113318
EUKYO.IS,RALYH.IS,702.266128566245
OZGYO.IS,RALYH.IS,710.7808239126718
MRGYO.IS,RALYH.IS,714.8412896387517
LINK.IS,SNPAM.IS,723.6171127586603
RALYH.IS,TUKAS.IS,733.352803454042
GENTS.IS,RALYH.IS,736.472753386136
CCOLA.IS,LINK.IS,740.3211393335725
RALYH.IS,SASA.IS,748.7359201497609
KGYO.IS,RALYH.IS,772.6469447643956
ALKA.IS,RALYH.IS,780.2660243102473
RALYH.IS,SARKY.IS,780.6840327267073
CCOLA.IS,SNGYO.IS,789.7540536141641
ALKIM.IS,RALYH.IS,789.9547790008396
EUYO.IS,RALYH.IS,801.170870178702
DURDO.IS,RALYH.IS,810.4732983408971
ISATR.IS,RALYH.IS,841.7406337466828
RALYH.IS,YUNSA.IS,842.6021611261747
RALYH.IS,ZEDUR.IS,881.281391864014
INVEO.IS,RALYH.IS,903.62450600792
RALYH.IS,SAMAT.IS,1006.2224233197892
RALYH.IS,SNPAM.IS,1101.927476733877
CCOLA.IS,RALYH.IS,1200.3110138495588
ISATR.IS,LINK.IS,1263.1081757564016
ISATR.IS,SNGYO.IS,1265.4411485111896
DYOBY.IS,ISATR.IS,1524.9776258308875
ICUGS.IS,ISATR.IS,1709.7195816786998
ARSAN.IS,ISATR.IS,1922.494267326475
ISATR.IS,YAPRK.IS,1937.833361047452
ISATR.IS,RYSAS.IS,1966.6937759941557
ISATR.IS,RYGYO.IS,2043.2964350814382
BIMAS.IS,ISATR.IS,2107.5398213180097
ISATR.IS,PINSU.IS,2111.693210816644
ISATR.IS,YYAPI.IS,2127.437511658022
ISATR.IS,LKMNH.IS,2170.5924901653616
ISATR.IS,MERKO.IS,2180.7536871190514
ISATR.IS,TKFEN.IS,2195.943196633844
AGHOL.IS,ISATR.IS,2206.6094522345425
AEFES.IS,ISATR.IS,2253.01997833335
BURCE.IS,ISATR.IS,2272.503234993906
BOSSA.IS,ISATR.IS,2308.123015406337
GLYHO.IS,ISATR.IS,2394.948197213924
ISATR.IS,KRONT.IS,2397.709139251755
GEREL.IS,ISATR.IS,2460.3432180553414
ADEL.IS,ISATR.IS,2478.0792724514317
ISATR.IS,TURSG.IS,2483.707234057325
ANSGR.IS,ISATR.IS,2499.895483040049
ISATR.IS,SILVR.IS,2534.607604087718
ESCOM.IS,ISATR.IS,2565.6823372672256
DAGI.IS,ISATR.IS,2581.4858708214306
GARFA.IS,ISATR.IS,2582.784110104273
FROTO.IS,ISATR.IS,2596.5092150255177
BTCIM.IS,ISATR.IS,2600.97123469454
ISATR.IS,TEHOL.IS,2610.060578307109
EGPRO.IS,ISATR.IS,2643.524015947004
ETYAT.IS,ISATR.IS,2671.959412371899
DESA.IS,ISATR.IS,2706.421943621824
AKSA.IS,ISATR.IS,2707.8161799296545
FRIGO.IS,ISATR.IS,2730.70302617597
BRKSN.IS,ISATR.IS,2740.3412657620775
EREGL.IS,ISATR.IS,2786.3282048524447
ISATR.IS,SEKFK.IS,2799.267899305156
ISATR.IS,USAK.IS,2800.031851291823
HUBVC.IS,ISATR.IS,2801.942573379365
ISATR.IS,OYAKC.IS,2815.466110278329
CRDFA.IS,ISATR.IS,2815.5718968082792
ISATR.IS,PETUN.IS,2822.8489199334754
ISATR.IS,VKGYO.IS,2871.7380943878347
ISATR.IS,VAKFN.IS,2878.5955934973363
ISATR.IS,PNSUT.IS,2890.940913825868
ALGYO.IS,ISATR.IS,2901.4568084151606
GLRYH.IS,ISATR.IS,2918.425199659154
GEDIK.IS,ISATR.IS,2921.3150714945277
EUKYO.IS,ISATR.IS,2930.639406128368
ISATR.IS,OZGYO.IS,2949.8600808801266
ISATR.IS,MRGYO.IS,2965.1376813349943
ISATR.IS,TUKAS.IS,2991.978929210161
GENTS.IS,ISATR.IS,2997.0727854444003
ISATR.IS,SASA.IS,3023.454178449992
ISATR.IS,KGYO.IS,3068.426462266017
ISATR.IS,SARKY.IS,3079.0647333789934
ALKA.IS,ISATR.IS,3091.145697913944
ALKIM.IS,ISATR.IS,3110.7229325169274
EUYO.IS,ISATR.IS,3138.2832341452618
DURDO.IS,ISATR.IS,3140.235110228965
ISATR.IS,YUNSA.IS,3215.8058068618407
ISATR.IS,ZEDUR.IS,3295.794767507267
INVEO.IS,ISATR.IS,3328.1856738988363
ISATR.IS,SAMAT.IS,3508.1629221191065
ISATR.IS,SNPAM.IS,3701.281670162416
CCOLA.IS,ISATR.IS,3838.5144286423533
