trading_start,n_pairs_a,n_pairs_b,n_overlap,overlap_frac,year
2010-12-21,20,20,19,0.95,2010
2011-01-19,20,20,19,0.95,2011
2011-02-17,20,20,19,0.95,2011
2011-03-18,20,20,20,1.0,2011
2011-04-18,20,20,20,1.0,2011
2011-05-17,20,20,19,0.95,2011
2011-06-15,20,20,20,1.0,2011
2011-07-14,20,20,19,0.95,2011
2011-08-12,20,20,20,1.0,2011
2011-09-12,20,20,20,1.0,2011
2011-10-11,20,20,20,1.0,2011
2011-11-09,20,20,20,1.0,2011
2011-12-08,20,20,20,1.0,2011
2012-01-06,20,20,19,0.95,2012
2012-02-06,20,20,19,0.95,2012
2012-03-06,20,20,19,0.95,2012
2012-04-04,20,20,19,0.95,2012
2012-05-03,20,20,20,1.0,2012
2012-06-01,20,20,19,0.95,2012
2012-07-02,20,20,19,0.95,2012
2012-07-31,20,20,20,1.0,2012
2012-08-29,20,20,20,1.0,2012
2012-09-27,20,20,20,1.0,2012
2012-10-26,20,20,19,0.95,2012
2012-11-26,20,20,20,1.0,2012
2012-12-25,20,20,19,0.95,2012
2013-01-23,20,20,19,0.95,2013
2013-02-21,20,20,20,1.0,2013
2013-03-22,20,20,19,0.95,2013
2013-04-22,20,20,18,0.9,2013
2013-05-21,20,20,20,1.0,2013
2013-06-19,20,20,19,0.95,2013
2013-07-18,20,20,20,1.0,2013
2013-08-16,20,20,20,1.0,2013
2013-09-16,20,20,19,0.95,2013
2013-10-15,20,20,20,1.0,2013
2013-11-13,20,20,19,0.95,2013
2013-12-12,20,20,20,1.0,2013
2014-01-10,20,20,20,1.0,2014
2014-02-10,20,20,20,1.0,2014
2014-03-11,20,20,19,0.95,2014
2014-04-09,20,20,20,1.0,2014
2014-05-08,20,20,19,0.95,2014
2014-06-06,20,20,20,1.0,2014
2014-07-07,20,20,19,0.95,2014
2014-08-05,20,20,19,0.95,2014
2014-09-03,20,20,19,0.95,2014
2014-10-02,20,20,19,0.95,2014
2014-10-31,20,20,20,1.0,2014
2014-12-01,20,20,20,1.0,2014
2014-12-30,20,20,19,0.95,2014
2015-01-28,20,20,19,0.95,2015
2015-02-26,20,20,20,1.0,2015
2015-03-27,20,20,20,1.0,2015
2015-04-27,20,20,19,0.95,2015
2015-05-26,20,20,19,0.95,2015
2015-06-24,20,20,20,1.0,2015
2015-07-23,20,20,19,0.95,2015
2015-08-21,20,20,19,0.95,2015
2015-09-21,20,20,19,0.95,2015
2015-10-20,20,20,19,0.95,2015
2015-11-18,20,20,19,0.95,2015
2015-12-17,20,20,18,0.9,2015
2016-01-15,20,20,19,0.95,2016
2016-02-15,20,20,20,1.0,2016
2016-03-15,20,20,20,1.0,2016
2016-04-13,20,20,20,1.0,2016
2016-05-12,20,20,20,1.0,2016
2016-06-10,20,20,20,1.0,2016
2016-07-11,20,20,19,0.95,2016
2016-08-09,20,20,18,0.9,2016
2016-09-07,20,20,19,0.95,2016
2016-10-06,20,20,20,1.0,2016
2016-11-04,20,20,19,0.95,2016
2016-12-05,20,20,19,0.95,2016
2017-01-03,20,20,20,1.0,2017
2017-02-01,20,20,20,1.0,2017
2017-03-02,20,20,19,0.95,2017
2017-03-31,20,20,18,0.9,2017
2017-05-01,20,20,20,1.0,2017
2017-05-30,20,20,18,0.9,2017
2017-06-28,20,20,19,0.95,2017
2017-07-27,20,20,19,0.95,2017
2017-08-25,20,20,19,0.95,2017
2017-09-25,20,20,19,0.95,2017
2017-10-24,20,20,19,0.95,2017
2017-11-22,20,20,20,1.0,2017
2017-12-21,20,20,19,0.95,2017
2018-01-19,20,20,20,1.0,2018
2018-02-19,20,20,20,1.0,2018
2018-03-20,20,20,20,1.0,2018
2018-04-18,20,20,19,0.95,2018
2018-05-17,20,20,20,1.0,2018
2018-06-15,20,20,19,0.95,2018
2018-07-16,20,20,20,1.0,2018
2018-08-14,20,20,19,0.95,2018
2018-09-12,20,20,18,0.9,2018
2018-10-11,20,20,18,0.9,2018
2018-11-09,20,20,17,0.85,2018
2018-12-10,20,20,19,0.95,2018
2019-01-08,20,20,19,0.95,2019
2019-02-06,20,20,18,0.9,2019
2019-03-07,20,20,19,0.95,2019
2019-04-05,20,20,18,0.9,2019
2019-05-06,20,20,19,0.95,2019
2019-06-04,20,20,18,0.9,2019
2019-07-03,20,20,18,0.9,2019
2019-08-01,20,20,19,0.95,2019
2019-08-30,20,20,19,0.95,2019
2019-09-30,20,20,20,1.0,2019
2019-10-30,20,20,20,1.0,2019
2019-11-28,20,20,19,0.95,2019
2019-12-27,20,20,19,0.95,2019
2020-01-28,20,20,18,0.9,2020
2020-02-26,20,20,20,1.0,2020
2020-03-26,20,20,19,0.95,2020
2020-04-27,20,20,20,1.0,2020
2020-06-01,20,20,19,0.95,2020
2020-06-30,20,20,20,1.0,2020
2020-07-30,20,20,19,0.95,2020
2020-09-01,20,20,20,1.0,2020
2020-09-30,20,20,19,0.95,2020
2020-10-30,20,20,19,0.95,2020
2020-11-30,20,20,19,0.95,2020
2020-12-29,20,20,19,0.95,2020
2021-01-28,20,20,18,0.9,2021
2021-02-26,20,20,19,0.95,2021
2021-03-29,20,20,19,0.95,2021
2021-04-28,20,20,18,0.9,2021
2021-06-01,20,20,19,0.95,2021
2021-06-30,20,20,19,0.95,2021
2021-08-05,20,20,18,0.9,2021
2021-09-06,20,20,20,1.0,2021
2021-10-05,20,20,19,0.95,2021
2021-11-04,20,20,20,1.0,2021
2021-12-03,20,20,19,0.95,2021
2022-01-03,20,20,17,0.85,2022
2022-02-01,20,20,16,0.8,2022
2022-03-02,20,20,13,0.65,2022
2022-03-31,20,20,17,0.85,2022
2022-04-29,20,20,17,0.85,2022
2022-06-03,20,20,17,0.85,2022
2022-07-04,20,20,13,0.65,2022
2022-08-05,20,20,14,0.7,2022
2022-09-06,20,20,13,0.65,2022
2022-10-05,20,20,15,0.75,2022
2022-11-03,20,20,16,0.8,2022
2022-12-02,20,20,17,0.85,2022
2023-01-02,20,20,15,0.75,2023
2023-01-31,20,20,18,0.9,2023
2023-03-07,20,20,19,0.95,2023
2023-04-05,20,20,17,0.85,2023
2023-05-08,20,20,17,0.85,2023
2023-06-07,20,20,18,0.9,2023
2023-07-11,20,20,19,0.95,2023
2023-08-09,20,20,17,0.85,2023
2023-09-08,20,20,16,0.8,2023
2023-10-09,20,20,16,0.8,2023
2023-11-07,20,20,16,0.8,2023
2023-12-06,20,20,19,0.95,2023
2024-01-05,20,20,15,0.75,2024
2024-02-05,20,20,15,0.75,2024
2024-03-05,20,20,17,0.85,2024
2024-04-03,20,20,14,0.7,2024
2024-05-10,20,20,14,0.7,2024
2024-06-10,20,20,14,0.7,2024
2024-07-12,20,20,16,0.8,2024
2024-08-13,20,20,17,0.85,2024
2024-09-12,20,20,16,0.8,2024
2024-10-11,20,20,16,0.8,2024
2024-11-12,20,20,17,0.85,2024
2024-12-11,20,20,17,0.85,2024
2025-01-10,20,20,18,0.9,2025
2025-02-10,20,20,15,0.75,2025
2025-03-11,20,20,16,0.8,2025
2025-04-11,20,20,18,0.9,2025
2025-05-14,20,20,17,0.85,2025
2025-06-17,20,20,19,0.95,2025
2025-07-17,20,20,17,0.85,2025
2025-08-15,20,20,16,0.8,2025
2025-09-15,20,20,18,0.9,2025
2025-10-14,20,20,18,0.9,2025
2025-11-13,20,20,19,0.95,2025
